circ;ano;pop
1;2000;1516
4;2000;29229
5;2000;34985
6;2000;74835
7;2000;37931
9;2000;126504
10;2000;95681
12;2000;85012
13;2000;64383
14;2000;82289
15;2000;137487
16;2000;282123
17;2000;74427
18;2000;62763
19;2000;129150
20;2000;152048
21;2000;246763
22;2000;222220
23;2000;85492
24;2000;89906
25;2000;120434
26;2000;107909
27;2000;176069
28;2000;159619
29;2000;97106
30;2000;116601
31;2000;146732
32;2000;342036
33;2000;225222
34;2000;396711
35;2000;665637
36;2000;289129
37;2000;197017
38;2000;193498
39;2000;163481
40;2000;103415
41;2000;132605
44;2000;109935
48;2000;65260
50;2000;82003
51;2000;40475
52;2000;171607
53;2000;168041
54;2000;434474
55;2000;205271
56;2000;255359
57;2000;153712
58;2000;337912
59;2000;320250
60;2000;257279
61;2000;54865
62;2000;143063
64;2000;449476
65;2000;116685
66;2000;127097
71;2000;213536
72;2000;307600
73;2000;148838
74;2000;194613
75;2000;240068
76;2000;71993
77;2000;136515
78;2000;118670
79;2000;68641
81;2000;63631
82;2000;76737
88;2000;88503
89;2000;104549
90;2000;170753
91;2000;66308
92;2000;7625
93;2000;242063
94;2000;41599
95;2000;31451
96;2000;48833
97;2000;17289
98;2000;12164
99;2000;24739
100;2000;22825
104;2000;19278
105;2000;243780
106;2000;42757
107;2000;37410
108;2000;89799
109;2000;17157
110;2000;138081
111;2000;14176
112;2000;15289
118;2000;82803
119;2000;49691
120;2000;21265
121;2000;22152
122;2000;18782
123;2000;154801
124;2000;52461
125;2000;63227
126;2000;150705
127;2000;18204
128;2000;36419
129;2000;15089
134;2000;257892
135;2000;23003
136;2000;46710
137;2000;27064
138;2000;7909
139;2000;15952
140;2000;22979
141;2000;36789
142;2000;14670
143;2000;118349
144;2000;33655
145;2000;27682
146;2000;190242
151;2000;173418
152;2000;10334
153;2000;19835
154;2000;23487
155;2000;8402
156;2000;10476
157;2000;10038
158;2000;22651
159;2000;48543
165;2000;24901
166;2000;119247
167;2000;29544
168;2000;16228
1;2001;1528
4;2001;29452
5;2001;35252
6;2001;75406
7;2001;38220
9;2001;127469
10;2001;96411
12;2001;85661
13;2001;64874
14;2001;82917
15;2001;138536
16;2001;284276
17;2001;74995
18;2001;63242
19;2001;130135
20;2001;153208
21;2001;248646
22;2001;223916
23;2001;86145
24;2001;90592
25;2001;121353
26;2001;108732
27;2001;177412
28;2001;160837
29;2001;97846
30;2001;117491
31;2001;147851
32;2001;344645
33;2001;226941
34;2001;399737
35;2001;670715
36;2001;291335
37;2001;198520
38;2001;194974
39;2001;164729
40;2001;104204
41;2001;133617
44;2001;110773
48;2001;66450
50;2001;84377
51;2001;41095
52;2001;172299
53;2001;168074
54;2001;437840
55;2001;207929
56;2001;256388
57;2001;154079
58;2001;339273
59;2001;323394
60;2001;259805
61;2001;55403
62;2001;144468
64;2001;450387
65;2001;118646
66;2001;128365
71;2001;216819
72;2001;311158
73;2001;150560
74;2001;196864
75;2001;242845
76;2001;72422
77;2001;137328
78;2001;119377
79;2001;69050
81;2001;64010
82;2001;80731
88;2001;89111
89;2001;105980
90;2001;171446
91;2001;66842
92;2001;7714
93;2001;243593
94;2001;42288
95;2001;31735
96;2001;49045
97;2001;17353
98;2001;12267
99;2001;25116
100;2001;23404
104;2001;19373
105;2001;244567
106;2001;42895
107;2001;37762
108;2001;90495
109;2001;17193
110;2001;140455
111;2001;14247
112;2001;15491
118;2001;85343
119;2001;50248
120;2001;21273
121;2001;23212
122;2001;19012
123;2001;161761
124;2001;54314
125;2001;65343
126;2001;156030
127;2001;18975
128;2001;40513
129;2001;15728
134;2001;261281
135;2001;22993
136;2001;47092
137;2001;27042
138;2001;7866
139;2001;16124
140;2001;23123
141;2001;36864
142;2001;14686
143;2001;119415
144;2001;33827
145;2001;28151
146;2001;192221
151;2001;174266
152;2001;10392
153;2001;19834
154;2001;23699
155;2001;8450
156;2001;10460
157;2001;10063
158;2001;22906
159;2001;49088
165;2001;25869
166;2001;123516
167;2001;30260
168;2001;16344
1;2002;1539
4;2002;29677
5;2002;35521
6;2002;75981
7;2002;38512
9;2002;128442
10;2002;97146
12;2002;86314
13;2002;65369
14;2002;83550
15;2002;139593
16;2002;286444
17;2002;75567
18;2002;63724
19;2002;131128
20;2002;154377
21;2002;250543
22;2002;225624
23;2002;86802
24;2002;91283
25;2002;122279
26;2002;109561
27;2002;178766
28;2002;162064
29;2002;98593
30;2002;118387
31;2002;148979
32;2002;347274
33;2002;228672
34;2002;402786
35;2002;675832
36;2002;293557
37;2002;200035
38;2002;196462
39;2002;165985
40;2002;104999
41;2002;134636
44;2002;111618
48;2002;67662
50;2002;86820
51;2002;41725
52;2002;172993
53;2002;168108
54;2002;441232
55;2002;210621
56;2002;257421
57;2002;154448
58;2002;340640
59;2002;326569
60;2002;262356
61;2002;55947
62;2002;145886
64;2002;451301
65;2002;120652
66;2002;129646
71;2002;220153
72;2002;314758
73;2002;152301
74;2002;199141
75;2002;245653
76;2002;72853
77;2002;138146
78;2002;120088
79;2002;69462
81;2002;64391
82;2002;84934
88;2002;89724
89;2002;107430
90;2002;172142
91;2002;67380
92;2002;7804
93;2002;245132
94;2002;42989
95;2002;32022
96;2002;49258
97;2002;17416
98;2002;12371
99;2002;25500
100;2002;23999
104;2002;19469
105;2002;245356
106;2002;43033
107;2002;38118
108;2002;91197
109;2002;17230
110;2002;142870
111;2002;14318
112;2002;15696
118;2002;87960
119;2002;50811
120;2002;21282
121;2002;24322
122;2002;19244
123;2002;169033
124;2002;56233
125;2002;67530
126;2002;161555
127;2002;19778
128;2002;45067
129;2002;16395
134;2002;264713
135;2002;22982
136;2002;47480
137;2002;27020
138;2002;7823
139;2002;16298
140;2002;23271
141;2002;36939
142;2002;14701
143;2002;120492
144;2002;33999
145;2002;28628
146;2002;194226
151;2002;175117
152;2002;10451
153;2002;19834
154;2002;23914
155;2002;8498
156;2002;10445
157;2002;10088
158;2002;23164
159;2002;49638
165;2002;26874
166;2002;127937
167;2002;30993
168;2002;16461
1;2003;1551
4;2003;29903
5;2003;35792
6;2003;76561
7;2003;38806
9;2003;129422
10;2003;97888
12;2003;86972
13;2003;65868
14;2003;84187
15;2003;140658
16;2003;288630
17;2003;76144
18;2003;64210
19;2003;132128
20;2003;155555
21;2003;252454
22;2003;227345
23;2003;87464
24;2003;91979
25;2003;123212
26;2003;110397
27;2003;180129
28;2003;163300
29;2003;99345
30;2003;119290
31;2003;150116
32;2003;349924
33;2003;230416
34;2003;405859
35;2003;514000
36;2003;295797
37;2003;201561
38;2003;197961
39;2003;167252
40;2003;105800
41;2003;135663
43;2003;166988
44;2003;112470
48;2003;68896
50;2003;89334
51;2003;42365
52;2003;173690
53;2003;168141
54;2003;444650
55;2003;213348
56;2003;258458
57;2003;154817
58;2003;342013
59;2003;329776
60;2003;264932
61;2003;56497
62;2003;147318
64;2003;452216
65;2003;122702
66;2003;130940
71;2003;223539
72;2003;318398
73;2003;154063
74;2003;201444
75;2003;248495
76;2003;73287
77;2003;138969
78;2003;120803
79;2003;69875
81;2003;64775
82;2003;89355
88;2003;90341
89;2003;108900
90;2003;172841
91;2003;67922
92;2003;7895
93;2003;246681
94;2003;43702
95;2003;32311
96;2003;49473
97;2003;17480
98;2003;12476
99;2003;25889
100;2003;24610
104;2003;19565
105;2003;246148
106;2003;43172
107;2003;38476
108;2003;91905
109;2003;17267
110;2003;145327
111;2003;14389
112;2003;15903
118;2003;90658
119;2003;51381
120;2003;21290
121;2003;25486
122;2003;19480
123;2003;176634
124;2003;58219
125;2003;69790
126;2003;167288
127;2003;20616
128;2003;50133
129;2003;17090
134;2003;268191
135;2003;22972
136;2003;47873
137;2003;26998
138;2003;7780
139;2003;16474
140;2003;23421
141;2003;37014
142;2003;14717
143;2003;121580
144;2003;34172
145;2003;29113
146;2003;196258
151;2003;175973
152;2003;10509
153;2003;19833
154;2003;24130
155;2003;8547
156;2003;10429
157;2003;10113
158;2003;23424
159;2003;50195
165;2003;27918
166;2003;132517
167;2003;31743
168;2003;16578
1;2004;1563
4;2004;30132
5;2004;36065
6;2004;77145
7;2004;39102
9;2004;130409
10;2004;98634
12;2004;87636
13;2004;66370
14;2004;84829
15;2004;141731
16;2004;290831
17;2004;76724
18;2004;64700
19;2004;133136
20;2004;156741
21;2004;254380
22;2004;229079
23;2004;88131
24;2004;92681
25;2004;124152
26;2004;111239
27;2004;181504
28;2004;164546
29;2004;100103
30;2004;120200
31;2004;151261
32;2004;352593
33;2004;232174
34;2004;408955
35;2004;517921
36;2004;298054
37;2004;203099
38;2004;199471
39;2004;168527
40;2004;106607
41;2004;136698
43;2004;168262
44;2004;113328
48;2004;70152
50;2004;91921
51;2004;43014
52;2004;174389
53;2004;168175
54;2004;448095
55;2004;128146
56;2004;259499
57;2004;155187
58;2004;343390
59;2004;333014
60;2004;267533
61;2004;57051
62;2004;148765
63;2004;87964
64;2004;453132
65;2004;124799
66;2004;132247
71;2004;226976
72;2004;322081
73;2004;155845
74;2004;203774
75;2004;251369
76;2004;73724
77;2004;139797
78;2004;121523
79;2004;70291
81;2004;65161
82;2004;94006
88;2004;90962
89;2004;110390
90;2004;173543
91;2004;68469
92;2004;7986
93;2004;248240
94;2004;23709
95;2004;32603
96;2004;49688
97;2004;17545
98;2004;12582
99;2004;26284
100;2004;25237
101;2004;20717
104;2004;19661
105;2004;246942
106;2004;43311
107;2004;38838
108;2004;92619
109;2004;17303
110;2004;147825
111;2004;14461
112;2004;16113
118;2004;93439
119;2004;51957
120;2004;21299
121;2004;26705
122;2004;19718
123;2004;184576
124;2004;60276
125;2004;72125
126;2004;173236
127;2004;21489
128;2004;55768
129;2004;17814
134;2004;271714
135;2004;22961
136;2004;48273
137;2004;26975
138;2004;7737
139;2004;16652
140;2004;23574
141;2004;37089
142;2004;14733
143;2004;122678
144;2004;34347
145;2004;29607
146;2004;157087
147;2004;41228
151;2004;176833
152;2004;10568
153;2004;19833
154;2004;24348
155;2004;8596
156;2004;10414
157;2004;10138
158;2004;23688
159;2004;50759
165;2004;29003
166;2004;137261
167;2004;32512
168;2004;16697
1;2005;1575
4;2005;30361
5;2005;36340
6;2005;77733
7;2005;39400
9;2005;131404
10;2005;99387
12;2005;88305
13;2005;66876
14;2005;85476
15;2005;142812
16;2005;293050
17;2005;77310
18;2005;65194
19;2005;134151
20;2005;157937
21;2005;256321
22;2005;230827
23;2005;88804
24;2005;93388
25;2005;125099
26;2005;112088
27;2005;182888
28;2005;165801
29;2005;100866
30;2005;121117
31;2005;152415
32;2005;355283
33;2005;233945
34;2005;412075
35;2005;521872
36;2005;300327
37;2005;204648
38;2005;200993
39;2005;169813
40;2005;107420
41;2005;137741
43;2005;169545
44;2005;114192
48;2005;71431
50;2005;94582
51;2005;43673
52;2005;175092
53;2005;168208
54;2005;451567
55;2005;129732
56;2005;260545
57;2005;155557
58;2005;344774
59;2005;336283
60;2005;270160
61;2005;57611
62;2005;150225
63;2005;89176
64;2005;454051
65;2005;126945
66;2005;133567
71;2005;230466
72;2005;325807
73;2005;157648
74;2005;206131
75;2005;254277
76;2005;74163
77;2005;140629
78;2005;122247
79;2005;70710
81;2005;65549
82;2005;98899
88;2005;91587
89;2005;111901
90;2005;174247
91;2005;69020
92;2005;8079
93;2005;249809
94;2005;24125
95;2005;32897
96;2005;49904
97;2005;17609
98;2005;12689
99;2005;26685
100;2005;25882
101;2005;21038
104;2005;19759
105;2005;247738
106;2005;43451
107;2005;39204
108;2005;93339
109;2005;17340
110;2005;150367
111;2005;14533
112;2005;16326
118;2005;96305
119;2005;52539
120;2005;21307
121;2005;27982
122;2005;19960
123;2005;192876
124;2005;62405
125;2005;74539
126;2005;179409
127;2005;22399
128;2005;62037
129;2005;18569
134;2005;275284
135;2005;22951
136;2005;48678
137;2005;26953
138;2005;7695
139;2005;16832
140;2005;23730
141;2005;37164
142;2005;14748
143;2005;123788
144;2005;34522
145;2005;30108
146;2005;159151
147;2005;41249
151;2005;177697
152;2005;10628
153;2005;19832
154;2005;24568
155;2005;8645
156;2005;10398
157;2005;10163
158;2005;23954
159;2005;51328
165;2005;30130
166;2005;142175
167;2005;33300
168;2005;16816
1;2006;1587
4;2006;30593
5;2006;36618
6;2006;78326
7;2006;39701
9;2006;132406
10;2006;100145
12;2006;88978
13;2006;67387
14;2006;86129
15;2006;143901
16;2006;295286
17;2006;77900
18;2006;65691
19;2006;135175
20;2006;159142
21;2006;258276
22;2006;232588
23;2006;89481
24;2006;94100
25;2006;126053
26;2006;112943
27;2006;184283
28;2006;167066
29;2006;101636
30;2006;122041
31;2006;153578
32;2006;357993
33;2006;235730
34;2006;415219
35;2006;525853
36;2006;302618
37;2006;206209
38;2006;202526
39;2006;171109
40;2006;108240
41;2006;138792
43;2006;170839
44;2006;115063
48;2006;72734
50;2006;97321
51;2006;44342
52;2006;175797
53;2006;168242
54;2006;455065
55;2006;131338
56;2006;261594
57;2006;155929
58;2006;346163
59;2006;339585
60;2006;272812
61;2006;58177
62;2006;151700
63;2006;90405
64;2006;454972
65;2006;129139
66;2006;134900
71;2006;234010
72;2006;329575
73;2006;159471
74;2006;208516
75;2006;257218
76;2006;74605
77;2006;141467
78;2006;122975
79;2006;71131
81;2006;65939
82;2006;104047
88;2006;92216
89;2006;113432
90;2006;174955
91;2006;69576
92;2006;8174
93;2006;251388
94;2006;24548
95;2006;33194
96;2006;50122
97;2006;17674
98;2006;12797
99;2006;27092
100;2006;26545
101;2006;21364
104;2006;19856
105;2006;248538
106;2006;43591
107;2006;39573
108;2006;94065
109;2006;17377
110;2006;152952
111;2006;14606
112;2006;16542
118;2006;99259
119;2006;53128
120;2006;21315
121;2006;29321
122;2006;20204
123;2006;201549
124;2006;64609
125;2006;77034
126;2006;185813
127;2006;23347
128;2006;69011
129;2006;19356
134;2006;278900
135;2006;22941
136;2006;49090
137;2006;26931
138;2006;7653
139;2006;17013
140;2006;23889
141;2006;37240
142;2006;14764
143;2006;124909
144;2006;34698
145;2006;30618
146;2006;161242
147;2006;41270
151;2006;178566
152;2006;10688
153;2006;19832
154;2006;24790
155;2006;8694
156;2006;10383
157;2006;10188
158;2006;24224
159;2006;51904
165;2006;31300
166;2006;147264
167;2006;34106
168;2006;16936
1;2007;1599
4;2007;30826
5;2007;36897
6;2007;78924
7;2007;40003
9;2007;133416
10;2007;100909
12;2007;89657
13;2007;67901
14;2007;86786
15;2007;144999
16;2007;297538
17;2007;78494
18;2007;66192
19;2007;136206
20;2007;160356
21;2007;260246
22;2007;234362
23;2007;90164
24;2007;94818
25;2007;127015
26;2007;113805
27;2007;185689
28;2007;168341
29;2007;102411
30;2007;122972
31;2007;154749
32;2007;360724
33;2007;237528
34;2007;418386
35;2007;529865
36;2007;304927
37;2007;207782
38;2007;204071
39;2007;172414
40;2007;109065
41;2007;139851
43;2007;172142
44;2007;115941
48;2007;74060
50;2007;100139
51;2007;45022
52;2007;176506
53;2007;168275
54;2007;458591
55;2007;132963
56;2007;262648
57;2007;156302
58;2007;347557
59;2007;342919
60;2007;275491
61;2007;58748
62;2007;153190
63;2007;91651
64;2007;455894
65;2007;131384
66;2007;136247
71;2007;237609
72;2007;333388
73;2007;161316
74;2007;210928
75;2007;260193
76;2007;75049
77;2007;142310
78;2007;123707
79;2007;71555
81;2007;66332
82;2007;109463
88;2007;92850
89;2007;114984
90;2007;175665
91;2007;70136
92;2007;8269
93;2007;252976
94;2007;24978
95;2007;33494
96;2007;50340
97;2007;17739
98;2007;12906
99;2007;27505
100;2007;27226
101;2007;21695
104;2007;19954
105;2007;249340
106;2007;43732
107;2007;39945
108;2007;94798
109;2007;17414
110;2007;155582
111;2007;14679
112;2007;16761
118;2007;102303
119;2007;53724
120;2007;21324
121;2007;30723
122;2007;20451
123;2007;210614
124;2007;66892
125;2007;79612
126;2007;192460
127;2007;24336
128;2007;76768
129;2007;20176
134;2007;282564
135;2007;22930
136;2007;49508
137;2007;26909
138;2007;7611
139;2007;17197
140;2007;24051
141;2007;37315
142;2007;14780
143;2007;126041
144;2007;34875
145;2007;31137
146;2007;163360
147;2007;41291
151;2007;179438
152;2007;10748
153;2007;19831
154;2007;25014
155;2007;8744
156;2007;10367
157;2007;10213
158;2007;24497
159;2007;52486
165;2007;32516
166;2007;152536
167;2007;34933
168;2007;17057
1;2008;1611
4;2008;31062
5;2008;37178
6;2008;79526
7;2008;40309
9;2008;134434
10;2008;101679
12;2008;90341
13;2008;68419
14;2008;87448
15;2008;146105
16;2008;299808
17;2008;79093
18;2008;66697
19;2008;137245
20;2008;161579
21;2008;262232
22;2008;236150
23;2008;90852
24;2008;95542
25;2008;127984
26;2008;114673
27;2008;187106
28;2008;169625
29;2008;103193
30;2008;123910
31;2008;155930
32;2008;363476
33;2008;239340
34;2008;421578
35;2008;533907
36;2008;307253
37;2008;209367
38;2008;205628
39;2008;173729
40;2008;109897
41;2008;140918
43;2008;173455
44;2008;116826
48;2008;75411
50;2008;103038
51;2008;45712
52;2008;177217
53;2008;168309
54;2008;462144
55;2008;134609
56;2008;263706
57;2008;156675
58;2008;348957
59;2008;346286
60;2008;278196
61;2008;59325
62;2008;154694
63;2008;92914
64;2008;456819
65;2008;133681
66;2008;137607
71;2008;241263
72;2008;337244
73;2008;163182
74;2008;213367
75;2008;263203
76;2008;75496
77;2008;143157
78;2008;124444
79;2008;71981
81;2008;66727
82;2008;115160
88;2008;93488
89;2008;116557
90;2008;176378
91;2008;70700
92;2008;8365
93;2008;254575
94;2008;25416
95;2008;33797
96;2008;50559
97;2008;17804
98;2008;13015
99;2008;27924
100;2008;27926
101;2008;22031
104;2008;20053
105;2008;250144
106;2008;43873
107;2008;40321
108;2008;95537
109;2008;17451
110;2008;158257
111;2008;14752
112;2008;16982
118;2008;105441
119;2008;54326
120;2008;21332
121;2008;32193
122;2008;20701
123;2008;189120
124;2008;69255
125;2008;82276
126;2008;199357
127;2008;25366
128;2008;85398
129;2008;21031
130;2008;30966
134;2008;286276
135;2008;22920
136;2008;49933
137;2008;26887
138;2008;7570
139;2008;17383
140;2008;24217
141;2008;37391
142;2008;14795
143;2008;127185
144;2008;35053
145;2008;31665
146;2008;165506
147;2008;41312
151;2008;180315
152;2008;10808
153;2008;19831
154;2008;25240
155;2008;8794
156;2008;10352
157;2008;10238
158;2008;24772
159;2008;53075
165;2008;33780
166;2008;157997
167;2008;35779
168;2008;17179
1;2009;1623
4;2009;31299
5;2009;37462
6;2009;80133
7;2009;40616
9;2009;135460
10;2009;102454
12;2009;91030
13;2009;68941
14;2009;88115
15;2009;147220
16;2009;302095
17;2009;79696
18;2009;67206
19;2009;138292
20;2009;162812
21;2009;264232
22;2009;237952
23;2009;91545
24;2009;96271
25;2009;128960
26;2009;115548
27;2009;188533
28;2009;170919
29;2009;103980
30;2009;124856
31;2009;157119
32;2009;366249
33;2009;241166
34;2009;424794
35;2009;537980
36;2009;309597
37;2009;210965
38;2009;207196
39;2009;175055
40;2009;110736
41;2009;141993
43;2009;174779
44;2009;117717
48;2009;76786
50;2009;106021
51;2009;46413
52;2009;177931
53;2009;168342
54;2009;465724
55;2009;136275
56;2009;264769
57;2009;157050
58;2009;350363
59;2009;349686
60;2009;280927
61;2009;59908
62;2009;156213
63;2009;94194
64;2009;457745
65;2009;136032
66;2009;138980
71;2009;244973
72;2009;341145
73;2009;165069
74;2009;215835
75;2009;266247
76;2009;75946
77;2009;144010
78;2009;125185
79;2009;72410
81;2009;67124
82;2009;121155
88;2009;94131
89;2009;118152
90;2009;177094
91;2009;71269
92;2009;8462
93;2009;256184
94;2009;25861
95;2009;34102
96;2009;50780
97;2009;17869
98;2009;13126
99;2009;28350
100;2009;28646
101;2009;22372
104;2009;20152
105;2009;250951
106;2009;44014
107;2009;40701
108;2009;96283
109;2009;17488
110;2009;160978
111;2009;14826
112;2009;17207
118;2009;108675
119;2009;54935
120;2009;21341
121;2009;33733
122;2009;20955
123;2009;197728
124;2009;71701
125;2009;85029
126;2009;206514
127;2009;26440
128;2009;94997
129;2009;21922
130;2009;32257
134;2009;290037
135;2009;22909
136;2009;50364
137;2009;26865
138;2009;7528
139;2009;17570
140;2009;24385
141;2009;37467
142;2009;14811
143;2009;128340
144;2009;35231
145;2009;32201
146;2009;167681
147;2009;41333
151;2009;181196
152;2009;10869
153;2009;19830
154;2009;25469
155;2009;8844
156;2009;10336
157;2009;10264
158;2009;25051
159;2009;53671
165;2009;35092
166;2009;163653
167;2009;36645
168;2009;17301
1;2010;1636
4;2010;31537
5;2010;37748
6;2010;80744
7;2010;40926
9;2010;136493
10;2010;103236
12;2010;91725
13;2010;69466
14;2010;88787
15;2010;148343
16;2010;175157
17;2010;80304
18;2010;67719
19;2010;139347
20;2010;164054
21;2010;266248
22;2010;239767
23;2010;92243
24;2010;97005
25;2010;129944
26;2010;116429
27;2010;189972
28;2010;172223
29;2010;104773
30;2010;125808
31;2010;158318
32;2010;369043
33;2010;243006
34;2010;428035
35;2010;542084
36;2010;311959
37;2010;212574
38;2010;208777
39;2010;176390
40;2010;111580
41;2010;143076
42;2010;129243
43;2010;176112
44;2010;118615
48;2010;78186
50;2010;109091
51;2010;47124
52;2010;178647
53;2010;168376
54;2010;469332
55;2010;137962
56;2010;265835
57;2010;157425
58;2010;351775
59;2010;353120
60;2010;283686
61;2010;60496
62;2010;157747
63;2010;95492
64;2010;458673
65;2010;138437
66;2010;140368
71;2010;248740
72;2010;345091
73;2010;166979
74;2010;218332
75;2010;269327
76;2010;76398
77;2010;144868
78;2010;125931
79;2010;72841
81;2010;67524
82;2010;127461
88;2010;94778
89;2010;119769
90;2010;177813
91;2010;71843
92;2010;8561
93;2010;257803
94;2010;26314
95;2010;34410
96;2010;51001
97;2010;17935
98;2010;13237
99;2010;28783
100;2010;29385
101;2010;22719
104;2010;20251
105;2010;251761
106;2010;44156
107;2010;41084
108;2010;97035
109;2010;17525
110;2010;163746
111;2010;14900
112;2010;17434
118;2010;112008
119;2010;55551
120;2010;21349
121;2010;35347
122;2010;21211
123;2010;206728
124;2010;74234
125;2010;87875
126;2010;213942
127;2010;27560
128;2010;105676
129;2010;22851
130;2010;33601
134;2010;293848
135;2010;22899
136;2010;50802
137;2010;26843
138;2010;7487
139;2010;17760
140;2010;24557
141;2010;37543
142;2010;14827
143;2010;129507
144;2010;35411
145;2010;32747
146;2010;169883
147;2010;41354
151;2010;182082
152;2010;10930
153;2010;19830
154;2010;25699
155;2010;8895
156;2010;10321
157;2010;10289
158;2010;25333
159;2010;54273
165;2010;36456
166;2010;169511
167;2010;37533
168;2010;17425
1;2011;1645
4;2011;31714
5;2011;37960
6;2011;81198
7;2011;41156
9;2011;137260
10;2011;103816
12;2011;92240
13;2011;69857
14;2011;89286
15;2011;149176
16;2011;176141
17;2011;80755
18;2011;68099
19;2011;140130
20;2011;164976
21;2011;267744
22;2011;241114
23;2011;92761
24;2011;97550
25;2011;130674
26;2011;117083
27;2011;191039
28;2011;173190
29;2011;105362
30;2011;126515
31;2011;159207
32;2011;371116
33;2011;244371
34;2011;430439
35;2011;545129
36;2011;313711
37;2011;213768
38;2011;209950
39;2011;177381
40;2011;112207
41;2011;143880
42;2011;129969
43;2011;177101
44;2011;119281
48;2011;79179
50;2011;111171
51;2011;47635
52;2011;179273
53;2011;168966
54;2011;472008
55;2011;139188
56;2011;266767
57;2011;157710
58;2011;353007
59;2011;355643
60;2011;285713
61;2011;60928
62;2011;158874
63;2011;96430
64;2011;459379
65;2011;87586
66;2011;141386
67;2011;52522
70;2011;31091
71;2011;220352
72;2011;347968
73;2011;168371
74;2011;220153
75;2011;271573
76;2011;76736
77;2011;145509
78;2011;126488
79;2011;73164
81;2011;67823
82;2011;131355
88;2011;95260
89;2011;120938
90;2011;178355
91;2011;72268
92;2011;8633
93;2011;259012
94;2011;26637
95;2011;34638
96;2011;51168
97;2011;17981
98;2011;13324
99;2011;29094
100;2011;29890
101;2011;22968
104;2011;20398
105;2011;252312
106;2011;44253
107;2011;41367
108;2011;97591
109;2011;17554
110;2011;165716
111;2011;14956
112;2011;17599
118;2011;114250
119;2011;56001
120;2011;21356
121;2011;36360
122;2011;21416
123;2011;212433
124;2011;75906
125;2011;89739
126;2011;190787
127;2011;28279
128;2011;110992
129;2011;23475
130;2011;34444
132;2011;28010
134;2011;296608
135;2011;22892
136;2011;51117
137;2011;26827
138;2011;7455
139;2011;17899
140;2011;24679
141;2011;37601
142;2011;14840
143;2011;103591
144;2011;35546
145;2011;33136
146;2011;171479
147;2011;41371
148;2011;26775
151;2011;182748
152;2011;10976
153;2011;19830
154;2011;25870
155;2011;8933
156;2011;10310
157;2011;10309
158;2011;25539
159;2011;54713
165;2011;37343
166;2011;173370
167;2011;38147
168;2011;17517
1;2012;1654
4;2012;31886
5;2012;38165
6;2012;81636
7;2012;41378
9;2012;138001
10;2012;104377
12;2012;92738
13;2012;70234
14;2012;89768
15;2012;149982
16;2012;177093
17;2012;81191
18;2012;68467
19;2012;140887
20;2012;165867
21;2012;269190
22;2012;242417
23;2012;93262
24;2012;98077
25;2012;131380
26;2012;117716
27;2012;192071
28;2012;174126
29;2012;105931
30;2012;127198
31;2012;160067
32;2012;373121
33;2012;245691
34;2012;432765
35;2012;548074
36;2012;315406
37;2012;214923
38;2012;211084
39;2012;178339
40;2012;112814
41;2012;144657
42;2012;130671
43;2012;178058
44;2012;119926
48;2012;80138
50;2012;113182
51;2012;48129
52;2012;179879
53;2012;169537
54;2012;474596
55;2012;140374
56;2012;267668
57;2012;157986
58;2012;354199
59;2012;358084
60;2012;287673
61;2012;61346
62;2012;159964
63;2012;97337
64;2012;460062
65;2012;88196
66;2012;142372
67;2012;53527
70;2012;31438
71;2012;222618
72;2012;350752
73;2012;169718
74;2012;221913
75;2012;273745
76;2012;77063
77;2012;146129
78;2012;127027
79;2012;73475
81;2012;68112
82;2012;135121
88;2012;95726
89;2012;122068
90;2012;178880
91;2012;72679
92;2012;8703
93;2012;260180
94;2012;26948
95;2012;34858
96;2012;51329
97;2012;18024
98;2012;13408
99;2012;29394
100;2012;30377
101;2012;23208
104;2012;20540
105;2012;252845
106;2012;44347
107;2012;41639
108;2012;98129
109;2012;17581
110;2012;167622
111;2012;15010
112;2012;17758
118;2012;116418
119;2012;56436
120;2012;21362
121;2012;37340
122;2012;21613
123;2012;217951
124;2012;77522
125;2012;91542
126;2012;195197
127;2012;28973
128;2012;116134
129;2012;24079
130;2012;35258
132;2012;28295
134;2012;299277
135;2012;22884
136;2012;51421
137;2012;26810
138;2012;7424
139;2012;18034
140;2012;24796
141;2012;37657
142;2012;14851
143;2012;104312
144;2012;35677
145;2012;33512
146;2012;173023
147;2012;41386
148;2012;26882
151;2012;183391
152;2012;11020
153;2012;19830
154;2012;26034
155;2012;8970
156;2012;10298
157;2012;10327
158;2012;25738
159;2012;55139
165;2012;38201
166;2012;177101
167;2012;38740
168;2012;17606
1;2013;1664
4;2013;32084
5;2013;38402
6;2013;82143
7;2013;41635
9;2013;138857
10;2013;105024
12;2013;93313
13;2013;70670
14;2013;90325
15;2013;150912
16;2013;178191
17;2013;81695
18;2013;68892
19;2013;141761
20;2013;166896
21;2013;270860
22;2013;243920
23;2013;93841
24;2013;98685
25;2013;132195
26;2013;118446
27;2013;193262
28;2013;175206
29;2013;106588
30;2013;127987
31;2013;161060
32;2013;375435
33;2013;247215
34;2013;435449
35;2013;551473
36;2013;317362
37;2013;216256
38;2013;212393
39;2013;179445
40;2013;113513
41;2013;145554
42;2013;131482
43;2013;179162
44;2013;120670
48;2013;81260
50;2013;115542
51;2013;48705
52;2013;180567
53;2013;170185
54;2013;477583
55;2013;141753
56;2013;268692
57;2013;158288
58;2013;355555
59;2013;360914
60;2013;289947
61;2013;61831
62;2013;161229
63;2013;98393
64;2013;460799
65;2013;88904
66;2013;143515
67;2013;54706
70;2013;31844
71;2013;225263
72;2013;353989
73;2013;171284
74;2013;223962
75;2013;276272
76;2013;77438
77;2013;146840
78;2013;127645
79;2013;73833
81;2013;68443
82;2013;139552
88;2013;96261
89;2013;123385
90;2013;179472
91;2013;73154
92;2013;8783
93;2013;261522
94;2013;27311
95;2013;35112
96;2013;51511
97;2013;18072
98;2013;13505
99;2013;29744
100;2013;30946
101;2013;23488
104;2013;20704
105;2013;253438
106;2013;44450
107;2013;41955
108;2013;98748
109;2013;17610
110;2013;169849
111;2013;15070
112;2013;17944
118;2013;118964
119;2013;56942
120;2013;21366
121;2013;38492
122;2013;21844
123;2013;224442
124;2013;79421
125;2013;93659
126;2013;200380
127;2013;29790
128;2013;122196
129;2013;24788
130;2013;36214
132;2013;28627
134;2013;302387
135;2013;22870
136;2013;51771
137;2013;26786
138;2013;7385
139;2013;18188
140;2013;24930
141;2013;37717
142;2013;14862
143;2013;105147
144;2013;35825
145;2013;33951
146;2013;174821
147;2013;41397
148;2013;27004
151;2013;184122
152;2013;11070
153;2013;19825
154;2013;26223
155;2013;9012
156;2013;10282
157;2013;10347
158;2013;25969
159;2013;55632
165;2013;39210
166;2013;181486
167;2013;39434
168;2013;17709
1;2014;1670
4;2014;32202
5;2014;38544
6;2014;82446
7;2014;41789
9;2014;139370
10;2014;105412
11;2014;70818
12;2014;93658
13;2014;70931
14;2014;90659
15;2014;80652
16;2014;178849
17;2014;81997
18;2014;69146
19;2014;142285
20;2014;167512
21;2014;271861
22;2014;174221
23;2014;94187
24;2014;99050
25;2014;132683
26;2014;118883
27;2014;193976
28;2014;175853
29;2014;106982
30;2014;128460
31;2014;161655
32;2014;376822
33;2014;248129
34;2014;437058
35;2014;553511
36;2014;318535
37;2014;217055
38;2014;213178
39;2014;180108
40;2014;113933
41;2014;146092
42;2014;131967
43;2014;179824
44;2014;121115
45;2014;70601
48;2014;82090
50;2014;117374
51;2014;49120
52;2014;180873
53;2014;170473
54;2014;479386
55;2014;142709
56;2014;269147
57;2014;158299
58;2014;356157
59;2014;362765
60;2014;291434
61;2014;62148
62;2014;162055
63;2014;99141
64;2014;460711
65;2014;89369
66;2014;144265
67;2014;55626
70;2014;32140
71;2014;227168
72;2014;356197
73;2014;172353
74;2014;225359
75;2014;277995
76;2014;77637
77;2014;147217
78;2014;127974
79;2014;74023
81;2014;68619
82;2014;143111
88;2014;96568
89;2014;124316
90;2014;179697
91;2014;73445
92;2014;8838
93;2014;262259
94;2014;27579
95;2014;35275
96;2014;51587
97;2014;18086
98;2014;13566
99;2014;29996
100;2014;31385
101;2014;23691
104;2014;20812
105;2014;253547
106;2014;44470
107;2014;42159
108;2014;99122
109;2014;17608
110;2014;171482
111;2014;15099
112;2014;18074
118;2014;120948
119;2014;57284
120;2014;21336
121;2014;39414
122;2014;22006
123;2014;229624
124;2014;80915
125;2014;95318
126;2014;204486
127;2014;30439
128;2014;127171
129;2014;25354
130;2014;36974
132;2014;28866
134;2014;304567
135;2014;22824
136;2014;51990
137;2014;26724
138;2014;7341
139;2014;18293
140;2014;25006
141;2014;37710
142;2014;14849
143;2014;105696
144;2014;35896
145;2014;34273
146;2014;176081
147;2014;41343
148;2014;27067
151;2014;184460
152;2014;11096
153;2014;19792
154;2014;26345
155;2014;9033
156;2014;10253
157;2014;10348
158;2014;26126
159;2014;55967
165;2014;40008
166;2014;184940
167;2014;39965
168;2014;17768
1;2015;1676
4;2015;32317
5;2015;38681
6;2015;82739
7;2015;41937
9;2015;139866
10;2015;105787
11;2015;71070
12;2015;93991
13;2015;71183
14;2015;90981
15;2015;80939
16;2015;179485
17;2015;82288
18;2015;69392
19;2015;142791
20;2015;168108
21;2015;272827
22;2015;174840
23;2015;94522
24;2015;99402
25;2015;133155
26;2015;119306
27;2015;194666
28;2015;176479
29;2015;107362
30;2015;128917
31;2015;162230
32;2015;378162
33;2015;249011
34;2015;438612
35;2015;555479
36;2015;319668
37;2015;217827
38;2015;213936
39;2015;180749
40;2015;114338
41;2015;146612
42;2015;132437
43;2015;180464
44;2015;121546
45;2015;70852
48;2015;82892
50;2015;119143
51;2015;49521
52;2015;181168
53;2015;170751
54;2015;481127
55;2015;143632
56;2015;269586
57;2015;158309
58;2015;356738
59;2015;364552
60;2015;292869
61;2015;62454
62;2015;162854
63;2015;99863
64;2015;460625
65;2015;89818
66;2015;144991
67;2015;56515
70;2015;32426
71;2015;229007
72;2015;358330
73;2015;173384
74;2015;226708
75;2015;279659
76;2015;77829
77;2015;147582
78;2015;128290
79;2015;74206
81;2015;68789
82;2015;146549
88;2015;96865
89;2015;125214
90;2015;179915
91;2015;73725
92;2015;8892
93;2015;262970
94;2015;27838
95;2015;35432
96;2015;51660
97;2015;18099
98;2015;13626
99;2015;30240
100;2015;31809
101;2015;23887
104;2015;20916
105;2015;253654
106;2015;44488
107;2015;42356
108;2015;99484
109;2015;17606
110;2015;173060
111;2015;15127
112;2015;18200
118;2015;122865
119;2015;57615
120;2015;21307
121;2015;40305
122;2015;22163
123;2015;234628
124;2015;82359
125;2015;96920
126;2015;208451
127;2015;31067
128;2015;131976
129;2015;25901
130;2015;37708
132;2015;29097
134;2015;306672
135;2015;22779
136;2015;52201
137;2015;26665
138;2015;7298
139;2015;18059
140;2015;25415
141;2015;37703
142;2015;14836
143;2015;106227
144;2015;35964
145;2015;34583
146;2015;177298
147;2015;41291
148;2015;27127
151;2015;184786
152;2015;11121
153;2015;19759
154;2015;26461
155;2015;9054
156;2015;10225
157;2015;10350
158;2015;26278
159;2015;56290
165;2015;40779
166;2015;188276
167;2015;40478
168;2015;17826
1;2016;1682
4;2016;32427
5;2016;38813
6;2016;83023
7;2016;42081
9;2016;140345
10;2016;106150
11;2016;71314
12;2016;94313
13;2016;71427
14;2016;91293
15;2016;81216
16;2016;180101
17;2016;82571
18;2016;69630
19;2016;143280
20;2016;168684
21;2016;273763
22;2016;175440
23;2016;94847
24;2016;99743
25;2016;133612
26;2016;119715
27;2016;195333
28;2016;177084
29;2016;107730
30;2016;129359
31;2016;162786
32;2016;379459
33;2016;249865
34;2016;440116
35;2016;557384
36;2016;320764
37;2016;218574
38;2016;214670
39;2016;181369
40;2016;114730
41;2016;147114
42;2016;132891
43;2016;181083
44;2016;121963
45;2016;71095
48;2016;83667
50;2016;120855
51;2016;50071
52;2016;178912
53;2016;171020
54;2016;494141
55;2016;144525
56;2016;266228
57;2016;158319
58;2016;352295
59;2016;366281
60;2016;294259
61;2016;62751
62;2016;163626
63;2016;100562
64;2016;460541
65;2016;90396
66;2016;145923
67;2016;57105
70;2016;32703
71;2016;230786
72;2016;360393
73;2016;174383
74;2016;228013
75;2016;281269
76;2016;78015
77;2016;147934
78;2016;128597
79;2016;74383
81;2016;68953
82;2016;149876
88;2016;97152
89;2016;126084
90;2016;180126
91;2016;73997
92;2016;8943
93;2016;263659
94;2016;28088
95;2016;35622
96;2016;51794
97;2016;18111
98;2016;13521
99;2016;30475
100;2016;32218
101;2016;24076
104;2016;21017
105;2016;253667
106;2016;44491
107;2016;42737
108;2016;99543
109;2016;17604
110;2016;174587
111;2016;15153
112;2016;18322
118;2016;124940
119;2016;57963
120;2016;21279
121;2016;41167
122;2016;22315
123;2016;239471
124;2016;83750
125;2016;98470
126;2016;212289
127;2016;31674
128;2016;136626
129;2016;26430
130;2016;38418
132;2016;29077
134;2016;308710
135;2016;22736
136;2016;52406
137;2016;26607
138;2016;7257
139;2016;18156
140;2016;25486
141;2016;37696
142;2016;14824
143;2016;106740
144;2016;36031
145;2016;34884
146;2016;178476
147;2016;41240
148;2016;27185
151;2016;185102
152;2016;11145
153;2016;19727
154;2016;26575
155;2016;9075
156;2016;10198
157;2016;10351
158;2016;26424
159;2016;56603
165;2016;41557
166;2016;191504
167;2016;40975
168;2016;17850
1;2017;1688
4;2017;32534
5;2017;38941
6;2017;83297
7;2017;42220
9;2017;140808
10;2017;106500
11;2017;71549
12;2017;94624
13;2017;71663
14;2017;91594
15;2017;81484
16;2017;180695
17;2017;82843
18;2017;69860
19;2017;143753
20;2017;169241
21;2017;274665
22;2017;176018
23;2017;74398
24;2017;109393
25;2017;134052
26;2017;131549
27;2017;195977
28;2017;110356
29;2017;184399
30;2017;131665
31;2017;163323
32;2017;380710
33;2017;250689
34;2017;441567
35;2017;559222
36;2017;321822
37;2017;219294
38;2017;215377
39;2017;181967
40;2017;115108
41;2017;136718
42;2017;133329
43;2017;181680
44;2017;122365
45;2017;71329
48;2017;84416
50;2017;122369
51;2017;50447
52;2017;179184
53;2017;171280
54;2017;495783
55;2017;145386
56;2017;266633
57;2017;158329
58;2017;352830
59;2017;367966
60;2017;295613
61;2017;63039
62;2017;164379
63;2017;101237
64;2017;460461
65;2017;90817
66;2017;146603
67;2017;57921
70;2017;32970
71;2017;232394
72;2017;362384
73;2017;175346
74;2017;229273
75;2017;282823
76;2017;78195
77;2017;148275
78;2017;128893
79;2017;74554
81;2017;69112
82;2017;153008
88;2017;97460
89;2017;126923
90;2017;179451
91;2017;74237
92;2017;8984
93;2017;265201
94;2017;28222
95;2017;35768
96;2017;51862
97;2017;18123
98;2017;13576
99;2017;30703
100;2017;32614
101;2017;24282
104;2017;21114
105;2017;253733
106;2017;44502
107;2017;42922
108;2017;99881
109;2017;17765
110;2017;176060
111;2017;15191
112;2017;18264
118;2017;126742
119;2017;58272
120;2017;21253
121;2017;41999
122;2017;22461
123;2017;244139
124;2017;85175
125;2017;99906
126;2017;216030
127;2017;32260
128;2017;141117
129;2017;26936
130;2017;39103
132;2017;29304
134;2017;310676
135;2017;22694
136;2017;52604
137;2017;26551
138;2017;7217
139;2017;18248
140;2017;25557
141;2017;37689
142;2017;15124
143;2017;106950
144;2017;36068
145;2017;35174
146;2017;179612
147;2017;41191
148;2017;27242
151;2017;185381
152;2017;11169
153;2017;19697
154;2017;26684
155;2017;9094
156;2017;10172
157;2017;10352
158;2017;26566
159;2017;57048
165;2017;42415
166;2017;194619
167;2017;41454
168;2017;17988
1;2018;1732
4;2018;33393
5;2018;39968
6;2018;85494
7;2018;43334
9;2018;144522
10;2018;109309
11;2018;73436
12;2018;97120
13;2018;73553
14;2018;94010
15;2018;83634
16;2018;185461
17;2018;85028
18;2018;71702
19;2018;147544
20;2018;173705
21;2018;281910
22;2018;180661
23;2018;76361
24;2018;112279
25;2018;137588
26;2018;135019
27;2018;201147
28;2018;113267
29;2018;189263
30;2018;135138
31;2018;167631
32;2018;390752
33;2018;257301
34;2018;453215
35;2018;573973
36;2018;330310
37;2018;225079
38;2018;221059
39;2018;186766
40;2018;118144
41;2018;140324
42;2018;136846
43;2018;186472
44;2018;125593
45;2018;73210
48;2018;86643
50;2018;125597
51;2018;51778
52;2018;183910
53;2018;175798
54;2018;508861
55;2018;149221
56;2018;273666
57;2018;162505
58;2018;362137
59;2018;377672
60;2018;303410
61;2018;64702
62;2018;168715
63;2018;103907
64;2018;472607
65;2018;93213
66;2018;150470
67;2018;59449
70;2018;33840
71;2018;238524
72;2018;371942
73;2018;179971
74;2018;235320
75;2018;290284
76;2018;80257
77;2018;152186
78;2018;132292
79;2018;76521
81;2018;70935
82;2018;157044
88;2018;100031
89;2018;130271
90;2018;184184
91;2018;76195
92;2018;9221
93;2018;272196
94;2018;28966
95;2018;36711
96;2018;53230
97;2018;18601
98;2018;13934
99;2018;31513
100;2018;33474
101;2018;24922
104;2018;21671
105;2018;260426
106;2018;45676
107;2018;44054
108;2018;102516
109;2018;18234
110;2018;180704
111;2018;15592
112;2018;18746
118;2018;130085
119;2018;59809
120;2018;21814
121;2018;43107
122;2018;23053
123;2018;250579
124;2018;87422
125;2018;102541
126;2018;221728
127;2018;33111
128;2018;144839
129;2018;27647
130;2018;40134
132;2018;30077
134;2018;318871
135;2018;23293
136;2018;53992
137;2018;27251
138;2018;7407
139;2018;18729
140;2018;26231
141;2018;38683
142;2018;15523
143;2018;109771
144;2018;37019
145;2018;36102
146;2018;184350
147;2018;42278
148;2018;27961
151;2018;190271
152;2018;11464
153;2018;20217
154;2018;27388
155;2018;9334
156;2018;10440
157;2018;10625
158;2018;27267
159;2018;58553
165;2018;43534
166;2018;199753
167;2018;42547
168;2018;18462
1;2019;1743
4;2019;33597
5;2019;40213
6;2019;86017
7;2019;43599
9;2019;145407
10;2019;109978
11;2019;73885
12;2019;97715
13;2019;74003
14;2019;94585
15;2019;84145
16;2019;186595
17;2019;85548
18;2019;72141
19;2019;148447
20;2019;174767
21;2019;283635
22;2019;255425
23;2019;76828
24;2019;112966
25;2019;138430
26;2019;135845
27;2019;202377
28;2019;113960
29;2019;190421
30;2019;135965
31;2019;168657
32;2019;393143
33;2019;258875
34;2019;455987
35;2019;577484
36;2019;332331
37;2019;226456
38;2019;222411
39;2019;187909
40;2019;118867
41;2019;141183
42;2019;137683
43;2019;187613
44;2019;126361
48;2019;87173
50;2019;126365
51;2019;52094
52;2019;185035
53;2019;176873
54;2019;511974
55;2019;150134
56;2019;275340
57;2019;163500
58;2019;364353
59;2019;379983
60;2019;305266
61;2019;65098
62;2019;169747
63;2019;104543
64;2019;475498
65;2019;93783
66;2019;151390
67;2019;59813
70;2019;34047
71;2019;239983
72;2019;374218
73;2019;181072
74;2019;236760
75;2019;292059
76;2019;80748
77;2019;153117
78;2019;133102
79;2019;76989
81;2019;71369
82;2019;158005
88;2019;100643
89;2019;131068
90;2019;185311
91;2019;76661
92;2019;9277
93;2019;273862
94;2019;29144
95;2019;36936
96;2019;53556
97;2019;18715
98;2019;14019
99;2019;31706
100;2019;33679
101;2019;25075
104;2019;21804
105;2019;262019
106;2019;45955
107;2019;44324
108;2019;103143
109;2019;18345
110;2019;181810
111;2019;15687
112;2019;18860
118;2019;130881
119;2019;60175
120;2019;21947
121;2019;43371
122;2019;23195
123;2019;252112
124;2019;87957
125;2019;103169
126;2019;223085
127;2019;33314
128;2019;145725
129;2019;27816
130;2019;40380
132;2019;30261
134;2019;320821
135;2019;23435
136;2019;54322
137;2019;27418
138;2019;7453
139;2019;18844
140;2019;26392
141;2019;38920
142;2019;15618
143;2019;110443
144;2019;37246
145;2019;36323
146;2019;185478
147;2019;42536
148;2019;28132
151;2019;191435
152;2019;11534
153;2019;20340
154;2019;27555
155;2019;9391
156;2019;10504
157;2019;10690
158;2019;27434
159;2019;58911
165;2019;43800
166;2019;200975
167;2019;42808
168;2019;18575
1;2020;1752,883341
4;2020;33793,8415
5;2020;40448,79753
6;2020;86521,30153
7;2020;43854,30741
9;2020;146259,248
10;2020;110622,6672
11;2020;74318,51012
12;2020;98287,55867
13;2020;74436,86263
14;2020;95139,82291
15;2020;84638,62043
16;2020;187689,7064
17;2020;86049,85346
18;2020;72564,1796
19;2020;149317,6563
20;2020;175792,2726
21;2020;285298,3834
22;2020;256922,6081
23;2020;77278,60929
24;2020;113627,9822
25;2020;139241,6587
26;2020;136641,9871
27;2020;203564,2128
28;2020;114627,7979
29;2020;191537,5825
30;2020;136762,1536
31;2020;169645,8545
32;2020;395448,4966
33;2020;260393,3888
34;2020;458661,4494
35;2020;580870,8004
36;2020;334280,0636
37;2020;227783,9404
38;2020;223715,2863
39;2020;189010,9291
40;2020;119564,2169
41;2020;142010,8751
42;2020;138490,5012
43;2020;188713,0379
44;2020;127102,0543
48;2020;87683,9565
50;2020;127106,213
51;2020;52399,93074
52;2020;186120,1625
53;2020;177910,6813
54;2020;514976,0117
55;2020;151014,2591
56;2020;276955,1544
57;2020;164458,3154
58;2020;366489,3249
59;2020;382211,0914
60;2020;307056,516
61;2020;65479,72137
62;2020;170742,4149
63;2020;105156,1399
64;2020;478286,6079
65;2020;94332,8856
66;2020;152278,242
67;2020;60163,26815
70;2020;34246,35195
71;2020;241390,5585
72;2020;376412,4818
73;2020;182134,1949
74;2020;238148,5639
75;2020;293772,1745
76;2020;81221,80626
77;2020;154014,6409
78;2020;133882,2545
79;2020;77440,36014
81;2020;71787,57197
82;2020;158931,326
88;2020;101232,9227
89;2020;131836,5098
90;2020;186398,0013
91;2020;77110,90171
92;2020;9331,793324
93;2020;275467,6003
94;2020;29314,54488
95;2020;37152,66959
96;2020;53869,70897
97;2020;18824,58709
98;2020;14101,56124
99;2020;31891,59065
100;2020;33876,57029
101;2020;25222,01753
104;2020;21931,37625
105;2020;263555,4867
106;2020;46224,94322
107;2020;44583,61899
108;2020;103747,6457
109;2020;18452,728
110;2020;182875,7271
111;2020;15779,08197
112;2020;18971,04555
118;2020;131648,5028
119;2020;60527,85625
120;2020;22075,75729
121;2020;43624,88733
122;2020;23330,52202
123;2020;253590,2371
124;2020;88472,33931
125;2020;103773,6135
126;2020;224393,0668
127;2020;33508,86605
128;2020;146579,9954
129;2020;27978,76057
130;2020;40616,77586
132;2020;30438,43183
134;2020;322702,732
135;2020;23572,54204
136;2020;54640,43366
137;2020;27578,85625
138;2020;7496,388292
139;2020;18954,42615
140;2020;26546,376
141;2020;39148,03635
142;2020;15709,48823
143;2020;111090,3045
144;2020;37464,28335
145;2020;36535,67435
146;2020;186565,5544
147;2020;42785,60761
148;2020;28296,6066
151;2020;192557,5666
152;2020;11601,38019
153;2020;20459,5206
154;2020;27717,00501
155;2020;9446,051701
156;2020;10565,7838
157;2020;10752,75206
158;2020;27594,43694
159;2020;59256,47212
165;2020;44056,99174
166;2020;202153,1929
167;2020;43058,78901
168;2020;18684,3609
1;2021;1762,690337
4;2021;33982,91059
5;2021;40675,09963
6;2021;87005,36914
7;2021;44099,6626
9;2021;147077,5363
10;2021;111241,5767
11;2021;74734,3058
12;2021;98837,4559
13;2021;74853,32047
14;2021;95672,10925
15;2021;85112,15486
16;2021;188739,7889
17;2021;86531,28342
18;2021;72970,16019
19;2021;150153,0557
20;2021;176775,7916
21;2021;286894,565
22;2021;258360,0335
23;2021;77710,96608
24;2021;114263,7057
25;2021;140020,6851
26;2021;137406,4689
27;2021;204703,1097
28;2021;115269,1152
29;2021;192609,193
30;2021;137527,3077
31;2021;170594,9856
32;2021;397660,9438
33;2021;261850,2324
34;2021;461227,5591
35;2021;584120,6446
36;2021;336150,2869
37;2021;229058,3413
38;2021;224966,924
39;2021;190068,4036
40;2021;120233,1523
41;2021;142805,3947
42;2021;139265,325
43;2021;189768,8457
44;2021;127813,1622
48;2021;88174,52891
50;2021;127817,3442
51;2021;52693,09681
52;2021;187161,4638
53;2021;178906,0523
54;2021;517857,189
55;2021;151859,1506
56;2021;278504,6575
57;2021;165378,4234
58;2021;368539,7519
59;2021;384349,4782
60;2021;308774,4295
61;2021;65846,06598
62;2021;171697,6811
63;2021;105744,4653
64;2021;480962,5161
65;2021;94860,6573
66;2021;153130,2052
67;2021;60499,86838
70;2021;34437,95274
71;2021;242741,0855
72;2021;378518,4266
73;2021;183153,1956
74;2021;239480,9526
75;2021;295415,765
76;2021;81676,22437
77;2021;154876,3189
78;2021;134631,2962
79;2021;77873,62189
81;2021;72189,20761
82;2021;159820,5117
88;2021;101799,2986
89;2021;132574,106
90;2021;187440,857
91;2021;77542,32021
92;2021;9384,002651
93;2021;277008,7808
94;2021;29478,5533
95;2021;37360,53059
96;2021;54171,09811
97;2021;18929,9065
98;2021;14180,45637
99;2021;32070,01707
100;2021;34066,10223
101;2021;25363,12916
104;2021;22054,07747
105;2021;265030,0215
106;2021;46483,56159
107;2021;44833,05452
108;2021;104328,0909
109;2021;18555,96695
110;2021;183898,8765
111;2021;15867,36245
112;2021;19077,18437
118;2021;132385,0472
119;2021;60866,49627
120;2021;22199,26629
121;2021;43868,95896
122;2021;23461,05115
123;2021;255009,0186
124;2021;88967,32255
125;2021;104354,204
126;2021;225648,4965
127;2021;33696,34077
128;2021;147400,0781
129;2021;28135,29557
130;2021;40844,01777
132;2021;30608,72815
134;2021;324508,1827
135;2021;23704,42522
136;2021;54946,13484
137;2021;27733,15387
138;2021;7538,328932
139;2021;19060,47199
140;2021;26694,89712
141;2021;39367,06099
142;2021;15797,37935
143;2021;111711,8303
144;2021;37673,88776
145;2021;36740,0834
146;2021;187609,3475
147;2021;43024,98366
148;2021;28454,91988
151;2021;193634,8837
152;2021;11666,28736
153;2021;20573,98711
154;2021;27872,07555
155;2021;9498,900279
156;2021;10624,89703
157;2021;10812,91134
158;2021;27748,82173
159;2021;59587,99902
165;2021;44303,4809
166;2021;203284,1954
167;2021;43299,69344
168;2021;18788,89578
1;2022;1772,584956
4;2022;34173,66898
5;2022;40903,4237
6;2022;87493,76178
7;2022;44347,20997
9;2022;147903,1357
10;2022;111866,0159
11;2022;75153,81652
12;2022;99392,26633
13;2022;75273,49927
14;2022;96209,15145
15;2022;85589,9202
16;2022;189799,2537
17;2022;87017,01485
18;2022;73379,76812
19;2022;150995,9192
20;2022;177768,0981
21;2022;288505,0081
22;2022;259810,3019
23;2022;78147,18587
24;2022;114905,1092
25;2022;140806,6719
26;2022;138177,7812
27;2022;205852,1824
28;2022;115916,1625
29;2022;193690,3782
30;2022;138299,2982
31;2022;171552,5971
32;2022;399893,1587
33;2022;263320,0926
34;2022;463816,5964
35;2022;587399,5252
36;2022;338037,2202
37;2022;230344,1287
38;2022;226229,7448
39;2022;191135,3264
40;2022;120908,0645
41;2022;143607,0131
42;2022;140047,0717
43;2022;190834,087
44;2022;128530,6238
48;2022;88669,48447
50;2022;128534,8292
51;2022;52988,88224
52;2022;188212,0689
53;2022;179910,3168
54;2022;520764,1089
55;2022;152711,591
56;2022;280068,005
57;2022;166306,7524
58;2022;370608,499
59;2022;386506,971
60;2022;310507,6922
61;2022;66215,68379
62;2022;172661,4823
63;2022;106338,0473
64;2022;483662,3328
65;2022;95393,14452
66;2022;153989,7805
67;2022;60839,47605
70;2022;34631,26544
71;2022;244103,6791
72;2022;380643,1876
73;2022;184181,3008
74;2022;240825,2459
75;2022;297074,0407
76;2022;82134,70259
77;2022;155745,6958
78;2022;135387,0305
79;2022;78310,75473
81;2022;72594,43178
82;2022;160717,6422
88;2022;102370,7349
89;2022;133318,2925
90;2022;188493,0304
91;2022;77977,59333
92;2022;9436,678455
93;2022;278563,7314
94;2022;29644,02709
95;2022;37570,24877
96;2022;54475,1801
97;2022;19036,16692
98;2022;14260,0564
99;2022;32250,03769
100;2022;34257,3276
101;2022;25505,50159
104;2022;22177,87499
105;2022;266517,731
106;2022;46744,49065
107;2022;45084,71868
108;2022;104913,7223
109;2022;18660,12831
110;2022;184931,1675
111;2022;15956,4317
112;2022;19184,27152
118;2022;133128,1724
119;2022;61208,16195
120;2022;22323,87881
121;2022;44115,21131
122;2022;23592,74653
123;2022;256440,4766
124;2022;89466,72834
125;2022;104939,9819
126;2022;226915,1432
127;2022;33885,49054
128;2022;148227,4882
129;2022;28293,22917
130;2022;41073,29003
132;2022;30780,54602
134;2022;326329,7646
135;2022;23837,48674
136;2022;55254,56739
137;2022;27888,83011
138;2022;7580,644302
139;2022;19167,46532
140;2022;26844,74525
141;2022;39588,04255
142;2022;15886,05576
143;2022;112338,9093
144;2022;37885,36493
145;2022;36946,31879
146;2022;188662,4667
147;2022;43266,49847
148;2022;28614,64765
151;2022;194721,8264
152;2022;11731,77445
153;2022;20689,47635
154;2022;28028,5316
155;2022;9552,221046
156;2022;10684,53843
157;2022;10873,60812
158;2022;27904,58591
159;2022;59922,48804
165;2022;44552,17238
166;2022;204425,3032
167;2022;43542,7503
168;2022;18894,36465
