cod_munic;munic;pop_munic;ano
3300100;Angra dos Reis;119247;2000
3300159;Aperibé;8018;2000
3300209;Araruama;82803;2000
3300225;Areal;9899;2000
3300233;Armação dos Búzios;18204;2000
3300258;Arraial do Cabo;23877;2000
3300308;Barra do Piraí;88503;2000
3300407;Barra Mansa;170753;2000
3300456;Belford Roxo;434474;2000
3300506;Bom Jardim;22651;2000
3300605;Bom Jesus do Itabapoana;33655;2000
3300704;Cabo Frio;126828;2000
3300803;Cachoeiras de Macacu;48543;2000
3300902;Cambuci;14670;2000
3301009;Campos dos Goytacazes;406989;2000
3301108;Cantagalo;19835;2000
3300936;Carapebus;8666;2000
3301157;Cardoso Moreira;12595;2000
3301207;Carmo;15289;2000
3301306;Casimiro de Abreu;22152;2000
3300951;Comendador Levy Gasparian;7924;2000
3301405;Conceição de Macabu;18782;2000
3301504;Cordeiro;18601;2000
3301603;Duas Barras;10334;2000
3301702;Duque de Caxias;775456;2000
3301801;Engenheiro Paulo de Frontin;12164;2000
3301850;Guapimirim;37952;2000
3301876;Iguaba Grande;15089;2000
3301900;Itaboraí;187479;2000
3302007;Itaguaí;82003;2000
3302056;Italva;12621;2000
3302106;Itaocara;23003;2000
3302205;Itaperuna;86720;2000
3302254;Itatiaia;24739;2000
3302270;Japeri;83278;2000
3302304;Laje do Muriaé;7909;2000
3302403;Macaé;132461;2000
3302452;Macuco;4886;2000
3302502;Magé;205830;2000
3302601;Mangaratiba;24901;2000
3302700;Maricá;76737;2000
3302809;Mendes;17289;2000
3302858;Mesquita;168041;2000
3302908;Miguel Pereira;23902;2000
3303005;Miracema;27064;2000
3303104;Natividade;15125;2000
3303203;Nilópolis;153712;2000
3303302;Niterói;459451;2000
3303401;Nova Friburgo;173418;2000
3303500;Nova Iguaçu;764879;2000
3303609;Paracambi;40475;2000
3303708;Paraíba do Sul;37410;2000
3303807;Paraty;29544;2000
3303856;Paty do Alferes;24931;2000
3303906;Petrópolis;286537;2000
3303955;Pinheiral;19481;2000
3304003;Piraí;22118;2000
3304102;Porciúncula;15952;2000
3304110;Porto Real;12095;2000
3304128;Quatis;10730;2000
3304144;Queimados;121993;2000
3304151;Quissamã;13674;2000
3304201;Resende;104549;2000
3304300;Rio Bonito;49691;2000
3304409;Rio Claro;16228;2000
3304508;Rio das Flores;7625;2000
3304524;Rio das Ostras;36419;2000
3304557;Rio de Janeiro;5857904;2000
3304607;Santa Maria Madalena;10476;2000
3304706;Santo Antônio de Pádua;38692;2000
3304805;São Fidélis;36789;2000
3304755;São Francisco de Itabapoana;41145;2000
3304904;São Gonçalo;891119;2000
3305000;São João da Barra;27682;2000
3305109;São João de Meriti;449476;2000
3305133;São José de Ubá;6413;2000
3305158;São José do Vale do Rio Preto;19278;2000
3305208;São Pedro da Aldeia;63227;2000
3305307;São Sebastião do Alto;8402;2000
3305406;Sapucaia;17157;2000
3305505;Saquarema;52461;2000
3305554;Seropédica;65260;2000
3305604;Silva Jardim;21265;2000
3305703;Sumidouro;14176;2000
3305752;Tanguá;26057;2000
3305802;Teresópolis;138081;2000
3305901;Trajano de Moraes;10038;2000
3306008;Três Rios;71976;2000
3306107;Valença;66308;2000
3306156;Varre-Sai;7854;2000
3306206;Vassouras;31451;2000
3306305;Volta Redonda;242063;2000
3300100;Angra dos Reis;123516;2001
3300159;Aperibé;8214;2001
3300209;Araruama;85343;2001
3300225;Areal;10042;2001
3300233;Armação dos Búzios;18975;2001
3300258;Arraial do Cabo;24236;2001
3300308;Barra do Piraí;89111;2001
3300407;Barra Mansa;171446;2001
3300456;Belford Roxo;437840;2001
3300506;Bom Jardim;22906;2001
3300605;Bom Jesus do Itabapoana;33827;2001
3300704;Cabo Frio;131795;2001
3300803;Cachoeiras de Macacu;49088;2001
3300902;Cambuci;14686;2001
3301009;Campos dos Goytacazes;412336;2001
3301108;Cantagalo;19834;2001
3300936;Carapebus;9049;2001
3301157;Cardoso Moreira;12595;2001
3301207;Carmo;15491;2001
3301306;Casimiro de Abreu;23212;2001
3300951;Comendador Levy Gasparian;7949;2001
3301405;Conceição de Macabu;19012;2001
3301504;Cordeiro;18776;2001
3301603;Duas Barras;10392;2001
3301702;Duque de Caxias;783070;2001
3301801;Engenheiro Paulo de Frontin;12267;2001
3301850;Guapimirim;39127;2001
3301876;Iguaba Grande;15728;2001
3301900;Itaboraí;190329;2001
3302007;Itaguaí;84377;2001
3302056;Italva;12758;2001
3302106;Itaocara;22993;2001
3302205;Itaperuna;87592;2001
3302254;Itatiaia;25116;2001
3302270;Japeri;84426;2001
3302304;Laje do Muriaé;7866;2001
3302403;Macaé;138490;2001
3302452;Macuco;4923;2001
3302502;Magé;207884;2001
3302601;Mangaratiba;25869;2001
3302700;Maricá;80731;2001
3302809;Mendes;17353;2001
3302858;Mesquita;168074;2001
3302908;Miguel Pereira;23975;2001
3303005;Miracema;27042;2001
3303104;Natividade;15121;2001
3303203;Nilópolis;154079;2001
3303302;Niterói;462188;2001
3303401;Nova Friburgo;174266;2001
3303500;Nova Iguaçu;767960;2001
3303609;Paracambi;41095;2001
3303708;Paraíba do Sul;37762;2001
3303807;Paraty;30260;2001
3303856;Paty do Alferes;25070;2001
3303906;Petrópolis;287461;2001
3303955;Pinheiral;19783;2001
3304003;Piraí;22506;2001
3304102;Porciúncula;16124;2001
3304110;Porto Real;12483;2001
3304128;Quatis;10920;2001
3304144;Queimados;123503;2001
3304151;Quissamã;14221;2001
3304201;Resende;105980;2001
3304300;Rio Bonito;50248;2001
3304409;Rio Claro;16344;2001
3304508;Rio das Flores;7714;2001
3304524;Rio das Ostras;40513;2001
3304557;Rio de Janeiro;5902592;2001
3304607;Santa Maria Madalena;10460;2001
3304706;Santo Antônio de Pádua;38878;2001
3304805;São Fidélis;36864;2001
3304755;São Francisco de Itabapoana;41166;2001
3304904;São Gonçalo;901426;2001
3305000;São João da Barra;28151;2001
3305109;São João de Meriti;450387;2001
3305133;São José de Ubá;6470;2001
3305158;São José do Vale do Rio Preto;19373;2001
3305208;São Pedro da Aldeia;65343;2001
3305307;São Sebastião do Alto;8450;2001
3305406;Sapucaia;17193;2001
3305505;Saquarema;54314;2001
3305554;Seropédica;66450;2001
3305604;Silva Jardim;21273;2001
3305703;Sumidouro;14247;2001
3305752;Tanguá;26491;2001
3305802;Teresópolis;140455;2001
3305901;Trajano de Moraes;10063;2001
3306008;Três Rios;72504;2001
3306107;Valença;66842;2001
3306156;Varre-Sai;8003;2001
3306206;Vassouras;31735;2001
3306305;Volta Redonda;243593;2001
3300100;Angra dos Reis;127937;2002
3300159;Aperibé;8416;2002
3300209;Araruama;87960;2002
3300225;Areal;10187;2002
3300233;Armação dos Búzios;19778;2002
3300258;Arraial do Cabo;24600;2002
3300308;Barra do Piraí;89724;2002
3300407;Barra Mansa;172142;2002
3300456;Belford Roxo;441232;2002
3300506;Bom Jardim;23164;2002
3300605;Bom Jesus do Itabapoana;33999;2002
3300704;Cabo Frio;136956;2002
3300803;Cachoeiras de Macacu;49638;2002
3300902;Cambuci;14701;2002
3301009;Campos dos Goytacazes;417753;2002
3301108;Cantagalo;19834;2002
3300936;Carapebus;9450;2002
3301157;Cardoso Moreira;12596;2002
3301207;Carmo;15696;2002
3301306;Casimiro de Abreu;24322;2002
3300951;Comendador Levy Gasparian;7975;2002
3301405;Conceição de Macabu;19244;2002
3301504;Cordeiro;18953;2002
3301603;Duas Barras;10451;2002
3301702;Duque de Caxias;790758;2002
3301801;Engenheiro Paulo de Frontin;12371;2002
3301850;Guapimirim;40339;2002
3301876;Iguaba Grande;16395;2002
3301900;Itaboraí;193222;2002
3302007;Itaguaí;86820;2002
3302056;Italva;12897;2002
3302106;Itaocara;22982;2002
3302205;Itaperuna;88472;2002
3302254;Itatiaia;25500;2002
3302270;Japeri;85589;2002
3302304;Laje do Muriaé;7823;2002
3302403;Macaé;144794;2002
3302452;Macuco;4960;2002
3302502;Magé;209959;2002
3302601;Mangaratiba;26874;2002
3302700;Maricá;84934;2002
3302809;Mendes;17416;2002
3302858;Mesquita;168108;2002
3302908;Miguel Pereira;24048;2002
3303005;Miracema;27020;2002
3303104;Natividade;15116;2002
3303203;Nilópolis;154448;2002
3303302;Niterói;464940;2002
3303401;Nova Friburgo;175117;2002
3303500;Nova Iguaçu;771054;2002
3303609;Paracambi;41725;2002
3303708;Paraíba do Sul;38118;2002
3303807;Paraty;30993;2002
3303856;Paty do Alferes;25210;2002
3303906;Petrópolis;288389;2002
3303955;Pinheiral;20089;2002
3304003;Piraí;22900;2002
3304102;Porciúncula;16298;2002
3304110;Porto Real;12884;2002
3304128;Quatis;11114;2002
3304144;Queimados;125032;2002
3304151;Quissamã;14790;2002
3304201;Resende;107430;2002
3304300;Rio Bonito;50811;2002
3304409;Rio Claro;16461;2002
3304508;Rio das Flores;7804;2002
3304524;Rio das Ostras;45067;2002
3304557;Rio de Janeiro;5947622;2002
3304607;Santa Maria Madalena;10445;2002
3304706;Santo Antônio de Pádua;39064;2002
3304805;São Fidélis;36939;2002
3304755;São Francisco de Itabapoana;41187;2002
3304904;São Gonçalo;911853;2002
3305000;São João da Barra;28628;2002
3305109;São João de Meriti;451301;2002
3305133;São José de Ubá;6527;2002
3305158;São José do Vale do Rio Preto;19469;2002
3305208;São Pedro da Aldeia;67530;2002
3305307;São Sebastião do Alto;8498;2002
3305406;Sapucaia;17230;2002
3305505;Saquarema;56233;2002
3305554;Seropédica;67662;2002
3305604;Silva Jardim;21282;2002
3305703;Sumidouro;14318;2002
3305752;Tanguá;26931;2002
3305802;Teresópolis;142870;2002
3305901;Trajano de Moraes;10088;2002
3306008;Três Rios;73036;2002
3306107;Valença;67380;2002
3306156;Varre-Sai;8154;2002
3306206;Vassouras;32022;2002
3306305;Volta Redonda;245132;2002
3300100;Angra dos Reis;132517;2003
3300159;Aperibé;8622;2003
3300209;Araruama;90658;2003
3300225;Areal;10334;2003
3300233;Armação dos Búzios;20616;2003
3300258;Arraial do Cabo;24969;2003
3300308;Barra do Piraí;90341;2003
3300407;Barra Mansa;172841;2003
3300456;Belford Roxo;444650;2003
3300506;Bom Jardim;23424;2003
3300605;Bom Jesus do Itabapoana;34172;2003
3300704;Cabo Frio;142319;2003
3300803;Cachoeiras de Macacu;50195;2003
3300902;Cambuci;14717;2003
3301009;Campos dos Goytacazes;423241;2003
3301108;Cantagalo;19833;2003
3300936;Carapebus;9867;2003
3301157;Cardoso Moreira;12596;2003
3301207;Carmo;15903;2003
3301306;Casimiro de Abreu;25486;2003
3300951;Comendador Levy Gasparian;8000;2003
3301405;Conceição de Macabu;19480;2003
3301504;Cordeiro;19132;2003
3301603;Duas Barras;10509;2003
3301702;Duque de Caxias;798523;2003
3301801;Engenheiro Paulo de Frontin;12476;2003
3301850;Guapimirim;41588;2003
3301876;Iguaba Grande;17090;2003
3301900;Itaboraí;196159;2003
3302007;Itaguaí;89334;2003
3302056;Italva;13037;2003
3302106;Itaocara;22972;2003
3302205;Itaperuna;89361;2003
3302254;Itatiaia;25889;2003
3302270;Japeri;86768;2003
3302304;Laje do Muriaé;7780;2003
3302403;Macaé;151385;2003
3302452;Macuco;4998;2003
3302502;Magé;212055;2003
3302601;Mangaratiba;27918;2003
3302700;Maricá;89355;2003
3302809;Mendes;17480;2003
3302858;Mesquita;168141;2003
3302908;Miguel Pereira;24122;2003
3303005;Miracema;26998;2003
3303104;Natividade;15112;2003
3303203;Nilópolis;154817;2003
3303302;Niterói;467710;2003
3303401;Nova Friburgo;175973;2003
3303500;Nova Iguaçu;774160;2003
3303609;Paracambi;42365;2003
3303708;Paraíba do Sul;38476;2003
3303807;Paraty;31743;2003
3303856;Paty do Alferes;25351;2003
3303906;Petrópolis;289319;2003
3303955;Pinheiral;20401;2003
3304003;Piraí;23301;2003
3304102;Porciúncula;16474;2003
3304110;Porto Real;13298;2003
3304128;Quatis;11311;2003
3304144;Queimados;126579;2003
3304151;Quissamã;15382;2003
3304201;Resende;108900;2003
3304300;Rio Bonito;51381;2003
3304409;Rio Claro;16578;2003
3304508;Rio das Flores;7895;2003
3304524;Rio das Ostras;50133;2003
3304557;Rio de Janeiro;5992995;2003
3304607;Santa Maria Madalena;10429;2003
3304706;Santo Antônio de Pádua;39252;2003
3304805;São Fidélis;37014;2003
3304755;São Francisco de Itabapoana;41208;2003
3304904;São Gonçalo;922401;2003
3305000;São João da Barra;29113;2003
3305109;São João de Meriti;452216;2003
3305133;São José de Ubá;6585;2003
3305158;São José do Vale do Rio Preto;19565;2003
3305208;São Pedro da Aldeia;69790;2003
3305307;São Sebastião do Alto;8547;2003
3305406;Sapucaia;17267;2003
3305505;Saquarema;58219;2003
3305554;Seropédica;68896;2003
3305604;Silva Jardim;21290;2003
3305703;Sumidouro;14389;2003
3305752;Tanguá;27379;2003
3305802;Teresópolis;145327;2003
3305901;Trajano de Moraes;10113;2003
3306008;Três Rios;73571;2003
3306107;Valença;67922;2003
3306156;Varre-Sai;8309;2003
3306206;Vassouras;32311;2003
3306305;Volta Redonda;246681;2003
3300100;Angra dos Reis;137261;2004
3300159;Aperibé;8833;2004
3300209;Araruama;93439;2004
3300225;Areal;10483;2004
3300233;Armação dos Búzios;21489;2004
3300258;Arraial do Cabo;25344;2004
3300308;Barra do Piraí;90962;2004
3300407;Barra Mansa;173543;2004
3300456;Belford Roxo;448095;2004
3300506;Bom Jardim;23688;2004
3300605;Bom Jesus do Itabapoana;34347;2004
3300704;Cabo Frio;147892;2004
3300803;Cachoeiras de Macacu;50759;2004
3300902;Cambuci;14733;2004
3301009;Campos dos Goytacazes;428801;2004
3301108;Cantagalo;19833;2004
3300936;Carapebus;10304;2004
3301157;Cardoso Moreira;12597;2004
3301207;Carmo;16113;2004
3301306;Casimiro de Abreu;26705;2004
3300951;Comendador Levy Gasparian;8025;2004
3301405;Conceição de Macabu;19718;2004
3301504;Cordeiro;19312;2004
3301603;Duas Barras;10568;2004
3301702;Duque de Caxias;806363;2004
3301801;Engenheiro Paulo de Frontin;12582;2004
3301850;Guapimirim;42875;2004
3301876;Iguaba Grande;17814;2004
3301900;Itaboraí;199141;2004
3302007;Itaguaí;91921;2004
3302056;Italva;13179;2004
3302106;Itaocara;22961;2004
3302205;Itaperuna;90259;2004
3302254;Itatiaia;26284;2004
3302270;Japeri;87964;2004
3302304;Laje do Muriaé;7737;2004
3302403;Macaé;158275;2004
3302452;Macuco;5036;2004
3302502;Magé;214172;2004
3302601;Mangaratiba;29003;2004
3302700;Maricá;94006;2004
3302809;Mendes;17545;2004
3302858;Mesquita;168175;2004
3302908;Miguel Pereira;24195;2004
3303005;Miracema;26975;2004
3303104;Natividade;15108;2004
3303203;Nilópolis;155187;2004
3303302;Niterói;470495;2004
3303401;Nova Friburgo;176833;2004
3303500;Nova Iguaçu;777279;2004
3303609;Paracambi;43014;2004
3303708;Paraíba do Sul;38838;2004
3303807;Paraty;32512;2004
3303856;Paty do Alferes;25493;2004
3303906;Petrópolis;290253;2004
3303955;Pinheiral;20717;2004
3304003;Piraí;23709;2004
3304102;Porciúncula;16652;2004
3304110;Porto Real;13725;2004
3304128;Quatis;11512;2004
3304144;Queimados;128146;2004
3304151;Quissamã;15997;2004
3304201;Resende;110390;2004
3304300;Rio Bonito;51957;2004
3304409;Rio Claro;16697;2004
3304508;Rio das Flores;7986;2004
3304524;Rio das Ostras;55768;2004
3304557;Rio de Janeiro;6038714;2004
3304607;Santa Maria Madalena;10414;2004
3304706;Santo Antônio de Pádua;39440;2004
3304805;São Fidélis;37089;2004
3304755;São Francisco de Itabapoana;41228;2004
3304904;São Gonçalo;933070;2004
3305000;São João da Barra;29607;2004
3305109;São João de Meriti;453132;2004
3305133;São José de Ubá;6643;2004
3305158;São José do Vale do Rio Preto;19661;2004
3305208;São Pedro da Aldeia;72125;2004
3305307;São Sebastião do Alto;8596;2004
3305406;Sapucaia;17303;2004
3305505;Saquarema;60276;2004
3305554;Seropédica;70152;2004
3305604;Silva Jardim;21299;2004
3305703;Sumidouro;14461;2004
3305752;Tanguá;27835;2004
3305802;Teresópolis;147825;2004
3305901;Trajano de Moraes;10138;2004
3306008;Três Rios;74111;2004
3306107;Valença;68469;2004
3306156;Varre-Sai;8466;2004
3306206;Vassouras;32603;2004
3306305;Volta Redonda;248240;2004
3300100;Angra dos Reis;142175;2005
3300159;Aperibé;9049;2005
3300209;Araruama;96305;2005
3300225;Areal;10634;2005
3300233;Armação dos Búzios;22399;2005
3300258;Arraial do Cabo;25725;2005
3300308;Barra do Piraí;91587;2005
3300407;Barra Mansa;174247;2005
3300456;Belford Roxo;451567;2005
3300506;Bom Jardim;23954;2005
3300605;Bom Jesus do Itabapoana;34522;2005
3300704;Cabo Frio;153684;2005
3300803;Cachoeiras de Macacu;51328;2005
3300902;Cambuci;14748;2005
3301009;Campos dos Goytacazes;434435;2005
3301108;Cantagalo;19832;2005
3300936;Carapebus;10760;2005
3301157;Cardoso Moreira;12597;2005
3301207;Carmo;16326;2005
3301306;Casimiro de Abreu;27982;2005
3300951;Comendador Levy Gasparian;8051;2005
3301405;Conceição de Macabu;19960;2005
3301504;Cordeiro;19494;2005
3301603;Duas Barras;10628;2005
3301702;Duque de Caxias;814280;2005
3301801;Engenheiro Paulo de Frontin;12689;2005
3301850;Guapimirim;44203;2005
3301876;Iguaba Grande;18569;2005
3301900;Itaboraí;202168;2005
3302007;Itaguaí;94582;2005
3302056;Italva;13323;2005
3302106;Itaocara;22951;2005
3302205;Itaperuna;91167;2005
3302254;Itatiaia;26685;2005
3302270;Japeri;89176;2005
3302304;Laje do Muriaé;7695;2005
3302403;Macaé;165479;2005
3302452;Macuco;5074;2005
3302502;Magé;216309;2005
3302601;Mangaratiba;30130;2005
3302700;Maricá;98899;2005
3302809;Mendes;17609;2005
3302858;Mesquita;168208;2005
3302908;Miguel Pereira;24269;2005
3303005;Miracema;26953;2005
3303104;Natividade;15103;2005
3303203;Nilópolis;155557;2005
3303302;Niterói;473298;2005
3303401;Nova Friburgo;177697;2005
3303500;Nova Iguaçu;780410;2005
3303609;Paracambi;43673;2005
3303708;Paraíba do Sul;39204;2005
3303807;Paraty;33300;2005
3303856;Paty do Alferes;25635;2005
3303906;Petrópolis;291189;2005
3303955;Pinheiral;21038;2005
3304003;Piraí;24125;2005
3304102;Porciúncula;16832;2005
3304110;Porto Real;14166;2005
3304128;Quatis;11716;2005
3304144;Queimados;129732;2005
3304151;Quissamã;16637;2005
3304201;Resende;111901;2005
3304300;Rio Bonito;52539;2005
3304409;Rio Claro;16816;2005
3304508;Rio das Flores;8079;2005
3304524;Rio das Ostras;62037;2005
3304557;Rio de Janeiro;6084782;2005
3304607;Santa Maria Madalena;10398;2005
3304706;Santo Antônio de Pádua;39629;2005
3304805;São Fidélis;37164;2005
3304755;São Francisco de Itabapoana;41249;2005
3304904;São Gonçalo;943863;2005
3305000;São João da Barra;30108;2005
3305109;São João de Meriti;454051;2005
3305133;São José de Ubá;6702;2005
3305158;São José do Vale do Rio Preto;19759;2005
3305208;São Pedro da Aldeia;74539;2005
3305307;São Sebastião do Alto;8645;2005
3305406;Sapucaia;17340;2005
3305505;Saquarema;62405;2005
3305554;Seropédica;71431;2005
3305604;Silva Jardim;21307;2005
3305703;Sumidouro;14533;2005
3305752;Tanguá;28298;2005
3305802;Teresópolis;150367;2005
3305901;Trajano de Moraes;10163;2005
3306008;Três Rios;74654;2005
3306107;Valença;69020;2005
3306156;Varre-Sai;8627;2005
3306206;Vassouras;32897;2005
3306305;Volta Redonda;249809;2005
3300100;Angra dos Reis;147264;2006
3300159;Aperibé;9271;2006
3300209;Araruama;99259;2006
3300225;Areal;10787;2006
3300233;Armação dos Búzios;23347;2006
3300258;Arraial do Cabo;26111;2006
3300308;Barra do Piraí;92216;2006
3300407;Barra Mansa;174955;2006
3300456;Belford Roxo;455065;2006
3300506;Bom Jardim;24224;2006
3300605;Bom Jesus do Itabapoana;34698;2006
3300704;Cabo Frio;159702;2006
3300803;Cachoeiras de Macacu;51904;2006
3300902;Cambuci;14764;2006
3301009;Campos dos Goytacazes;440142;2006
3301108;Cantagalo;19832;2006
3300936;Carapebus;11235;2006
3301157;Cardoso Moreira;12598;2006
3301207;Carmo;16542;2006
3301306;Casimiro de Abreu;29321;2006
3300951;Comendador Levy Gasparian;8077;2006
3301405;Conceição de Macabu;20204;2006
3301504;Cordeiro;19678;2006
3301603;Duas Barras;10688;2006
3301702;Duque de Caxias;822275;2006
3301801;Engenheiro Paulo de Frontin;12797;2006
3301850;Guapimirim;45571;2006
3301876;Iguaba Grande;19356;2006
3301900;Itaboraí;205241;2006
3302007;Itaguaí;97321;2006
3302056;Italva;13467;2006
3302106;Itaocara;22941;2006
3302205;Itaperuna;92083;2006
3302254;Itatiaia;27092;2006
3302270;Japeri;90405;2006
3302304;Laje do Muriaé;7653;2006
3302403;Macaé;173011;2006
3302452;Macuco;5112;2006
3302502;Magé;218468;2006
3302601;Mangaratiba;31300;2006
3302700;Maricá;104047;2006
3302809;Mendes;17674;2006
3302858;Mesquita;168242;2006
3302908;Miguel Pereira;24343;2006
3303005;Miracema;26931;2006
3303104;Natividade;15099;2006
3303203;Nilópolis;155929;2006
3303302;Niterói;476117;2006
3303401;Nova Friburgo;178566;2006
3303500;Nova Iguaçu;783554;2006
3303609;Paracambi;44342;2006
3303708;Paraíba do Sul;39573;2006
3303807;Paraty;34106;2006
3303856;Paty do Alferes;25778;2006
3303906;Petrópolis;292129;2006
3303955;Pinheiral;21364;2006
3304003;Piraí;24548;2006
3304102;Porciúncula;17013;2006
3304110;Porto Real;14621;2006
3304128;Quatis;11924;2006
3304144;Queimados;131338;2006
3304151;Quissamã;17303;2006
3304201;Resende;113432;2006
3304300;Rio Bonito;53128;2006
3304409;Rio Claro;16936;2006
3304508;Rio das Flores;8174;2006
3304524;Rio das Ostras;69011;2006
3304557;Rio de Janeiro;6131201;2006
3304607;Santa Maria Madalena;10383;2006
3304706;Santo Antônio de Pádua;39819;2006
3304805;São Fidélis;37240;2006
3304755;São Francisco de Itabapoana;41270;2006
3304904;São Gonçalo;954780;2006
3305000;São João da Barra;30618;2006
3305109;São João de Meriti;454972;2006
3305133;São José de Ubá;6761;2006
3305158;São José do Vale do Rio Preto;19856;2006
3305208;São Pedro da Aldeia;77034;2006
3305307;São Sebastião do Alto;8694;2006
3305406;Sapucaia;17377;2006
3305505;Saquarema;64609;2006
3305554;Seropédica;72734;2006
3305604;Silva Jardim;21315;2006
3305703;Sumidouro;14606;2006
3305752;Tanguá;28769;2006
3305802;Teresópolis;152952;2006
3305901;Trajano de Moraes;10188;2006
3306008;Três Rios;75202;2006
3306107;Valença;69576;2006
3306156;Varre-Sai;8790;2006
3306206;Vassouras;33194;2006
3306305;Volta Redonda;251388;2006
3300100;Angra dos Reis;152536;2007
3300159;Aperibé;9498;2007
3300209;Araruama;102303;2007
3300225;Areal;10943;2007
3300233;Armação dos Búzios;24336;2007
3300258;Arraial do Cabo;26503;2007
3300308;Barra do Piraí;92850;2007
3300407;Barra Mansa;175665;2007
3300456;Belford Roxo;458591;2007
3300506;Bom Jardim;24497;2007
3300605;Bom Jesus do Itabapoana;34875;2007
3300704;Cabo Frio;165957;2007
3300803;Cachoeiras de Macacu;52486;2007
3300902;Cambuci;14780;2007
3301009;Campos dos Goytacazes;445924;2007
3301108;Cantagalo;19831;2007
3300936;Carapebus;11732;2007
3301157;Cardoso Moreira;12598;2007
3301207;Carmo;16761;2007
3301306;Casimiro de Abreu;30723;2007
3300951;Comendador Levy Gasparian;8102;2007
3301405;Conceição de Macabu;20451;2007
3301504;Cordeiro;19863;2007
3301603;Duas Barras;10748;2007
3301702;Duque de Caxias;830349;2007
3301801;Engenheiro Paulo de Frontin;12906;2007
3301850;Guapimirim;46982;2007
3301876;Iguaba Grande;20176;2007
3301900;Itaboraí;208361;2007
3302007;Itaguaí;100139;2007
3302056;Italva;13614;2007
3302106;Itaocara;22930;2007
3302205;Itaperuna;93008;2007
3302254;Itatiaia;27505;2007
3302270;Japeri;91651;2007
3302304;Laje do Muriaé;7611;2007
3302403;Macaé;180886;2007
3302452;Macuco;5151;2007
3302502;Magé;220649;2007
3302601;Mangaratiba;32516;2007
3302700;Maricá;109463;2007
3302809;Mendes;17739;2007
3302858;Mesquita;168275;2007
3302908;Miguel Pereira;24418;2007
3303005;Miracema;26909;2007
3303104;Natividade;15095;2007
3303203;Nilópolis;156302;2007
3303302;Niterói;478953;2007
3303401;Nova Friburgo;179438;2007
3303500;Nova Iguaçu;786711;2007
3303609;Paracambi;45022;2007
3303708;Paraíba do Sul;39945;2007
3303807;Paraty;34933;2007
3303856;Paty do Alferes;25922;2007
3303906;Petrópolis;293071;2007
3303955;Pinheiral;21695;2007
3304003;Piraí;24978;2007
3304102;Porciúncula;17197;2007
3304110;Porto Real;15091;2007
3304128;Quatis;12136;2007
3304144;Queimados;132963;2007
3304151;Quissamã;17995;2007
3304201;Resende;114984;2007
3304300;Rio Bonito;53724;2007
3304409;Rio Claro;17057;2007
3304508;Rio das Flores;8269;2007
3304524;Rio das Ostras;76768;2007
3304557;Rio de Janeiro;6177974;2007
3304607;Santa Maria Madalena;10367;2007
3304706;Santo Antônio de Pádua;40010;2007
3304805;São Fidélis;37315;2007
3304755;São Francisco de Itabapoana;41291;2007
3304904;São Gonçalo;965824;2007
3305000;São João da Barra;31137;2007
3305109;São João de Meriti;455894;2007
3305133;São José de Ubá;6821;2007
3305158;São José do Vale do Rio Preto;19954;2007
3305208;São Pedro da Aldeia;79612;2007
3305307;São Sebastião do Alto;8744;2007
3305406;Sapucaia;17414;2007
3305505;Saquarema;66892;2007
3305554;Seropédica;74060;2007
3305604;Silva Jardim;21324;2007
3305703;Sumidouro;14679;2007
3305752;Tanguá;29248;2007
3305802;Teresópolis;155582;2007
3305901;Trajano de Moraes;10213;2007
3306008;Três Rios;75753;2007
3306107;Valença;70136;2007
3306156;Varre-Sai;8956;2007
3306206;Vassouras;33494;2007
3306305;Volta Redonda;252976;2007
3300100;Angra dos Reis;157997;2008
3300159;Aperibé;9731;2008
3300209;Araruama;105441;2008
3300225;Areal;11100;2008
3300233;Armação dos Búzios;25366;2008
3300258;Arraial do Cabo;26901;2008
3300308;Barra do Piraí;93488;2008
3300407;Barra Mansa;176378;2008
3300456;Belford Roxo;462144;2008
3300506;Bom Jardim;24772;2008
3300605;Bom Jesus do Itabapoana;35053;2008
3300704;Cabo Frio;172456;2008
3300803;Cachoeiras de Macacu;53075;2008
3300902;Cambuci;14795;2008
3301009;Campos dos Goytacazes;451783;2008
3301108;Cantagalo;19831;2008
3300936;Carapebus;12251;2008
3301157;Cardoso Moreira;12599;2008
3301207;Carmo;16982;2008
3301306;Casimiro de Abreu;32193;2008
3300951;Comendador Levy Gasparian;8128;2008
3301405;Conceição de Macabu;20701;2008
3301504;Cordeiro;20050;2008
3301603;Duas Barras;10808;2008
3301702;Duque de Caxias;838501;2008
3301801;Engenheiro Paulo de Frontin;13015;2008
3301850;Guapimirim;48437;2008
3301876;Iguaba Grande;21031;2008
3301900;Itaboraí;211528;2008
3302007;Itaguaí;103038;2008
3302056;Italva;13762;2008
3302106;Itaocara;22920;2008
3302205;Itaperuna;93943;2008
3302254;Itatiaia;27924;2008
3302270;Japeri;92914;2008
3302304;Laje do Muriaé;7570;2008
3302403;Macaé;189120;2008
3302452;Macuco;5190;2008
3302502;Magé;222851;2008
3302601;Mangaratiba;33780;2008
3302700;Maricá;115160;2008
3302809;Mendes;17804;2008
3302858;Mesquita;168309;2008
3302908;Miguel Pereira;24492;2008
3303005;Miracema;26887;2008
3303104;Natividade;15091;2008
3303203;Nilópolis;156675;2008
3303302;Niterói;481805;2008
3303401;Nova Friburgo;180315;2008
3303500;Nova Iguaçu;789880;2008
3303609;Paracambi;45712;2008
3303708;Paraíba do Sul;40321;2008
3303807;Paraty;35779;2008
3303856;Paty do Alferes;26067;2008
3303906;Petrópolis;294017;2008
3303955;Pinheiral;22031;2008
3304003;Piraí;25416;2008
3304102;Porciúncula;17383;2008
3304110;Porto Real;15575;2008
3304128;Quatis;12351;2008
3304144;Queimados;134609;2008
3304151;Quissamã;18715;2008
3304201;Resende;116557;2008
3304300;Rio Bonito;54326;2008
3304409;Rio Claro;17179;2008
3304508;Rio das Flores;8365;2008
3304524;Rio das Ostras;85398;2008
3304557;Rio de Janeiro;6225104;2008
3304607;Santa Maria Madalena;10352;2008
3304706;Santo Antônio de Pádua;40202;2008
3304805;São Fidélis;37391;2008
3304755;São Francisco de Itabapoana;41312;2008
3304904;São Gonçalo;976996;2008
3305000;São João da Barra;31665;2008
3305109;São João de Meriti;456819;2008
3305133;São José de Ubá;6881;2008
3305158;São José do Vale do Rio Preto;20053;2008
3305208;São Pedro da Aldeia;82276;2008
3305307;São Sebastião do Alto;8794;2008
3305406;Sapucaia;17451;2008
3305505;Saquarema;69255;2008
3305554;Seropédica;75411;2008
3305604;Silva Jardim;21332;2008
3305703;Sumidouro;14752;2008
3305752;Tanguá;29734;2008
3305802;Teresópolis;158257;2008
3305901;Trajano de Moraes;10238;2008
3306008;Três Rios;76309;2008
3306107;Valença;70700;2008
3306156;Varre-Sai;9126;2008
3306206;Vassouras;33797;2008
3306305;Volta Redonda;254575;2008
3300100;Angra dos Reis;163653;2009
3300159;Aperibé;9969;2009
3300209;Araruama;108675;2009
3300225;Areal;11261;2009
3300233;Armação dos Búzios;26440;2009
3300258;Arraial do Cabo;27305;2009
3300308;Barra do Piraí;94131;2009
3300407;Barra Mansa;177094;2009
3300456;Belford Roxo;465724;2009
3300506;Bom Jardim;25051;2009
3300605;Bom Jesus do Itabapoana;35231;2009
3300704;Cabo Frio;179209;2009
3300803;Cachoeiras de Macacu;53671;2009
3300902;Cambuci;14811;2009
3301009;Campos dos Goytacazes;457718;2009
3301108;Cantagalo;19830;2009
3300936;Carapebus;12793;2009
3301157;Cardoso Moreira;12599;2009
3301207;Carmo;17207;2009
3301306;Casimiro de Abreu;33733;2009
3300951;Comendador Levy Gasparian;8154;2009
3301405;Conceição de Macabu;20955;2009
3301504;Cordeiro;20239;2009
3301603;Duas Barras;10869;2009
3301702;Duque de Caxias;846734;2009
3301801;Engenheiro Paulo de Frontin;13126;2009
3301850;Guapimirim;49937;2009
3301876;Iguaba Grande;21922;2009
3301900;Itaboraí;214744;2009
3302007;Itaguaí;106021;2009
3302056;Italva;13912;2009
3302106;Itaocara;22909;2009
3302205;Itaperuna;94887;2009
3302254;Itatiaia;28350;2009
3302270;Japeri;94194;2009
3302304;Laje do Muriaé;7528;2009
3302403;Macaé;197728;2009
3302452;Macuco;5229;2009
3302502;Magé;225075;2009
3302601;Mangaratiba;35092;2009
3302700;Maricá;121155;2009
3302809;Mendes;17869;2009
3302858;Mesquita;168342;2009
3302908;Miguel Pereira;24567;2009
3303005;Miracema;26865;2009
3303104;Natividade;15086;2009
3303203;Nilópolis;157050;2009
3303302;Niterói;484675;2009
3303401;Nova Friburgo;181196;2009
3303500;Nova Iguaçu;793062;2009
3303609;Paracambi;46413;2009
3303708;Paraíba do Sul;40701;2009
3303807;Paraty;36645;2009
3303856;Paty do Alferes;26213;2009
3303906;Petrópolis;294965;2009
3303955;Pinheiral;22372;2009
3304003;Piraí;25861;2009
3304102;Porciúncula;17570;2009
3304110;Porto Real;16076;2009
3304128;Quatis;12570;2009
3304144;Queimados;136275;2009
3304151;Quissamã;19463;2009
3304201;Resende;118152;2009
3304300;Rio Bonito;54935;2009
3304409;Rio Claro;17301;2009
3304508;Rio das Flores;8462;2009
3304524;Rio das Ostras;94997;2009
3304557;Rio de Janeiro;6272594;2009
3304607;Santa Maria Madalena;10336;2009
3304706;Santo Antônio de Pádua;40395;2009
3304805;São Fidélis;37467;2009
3304755;São Francisco de Itabapoana;41333;2009
3304904;São Gonçalo;988296;2009
3305000;São João da Barra;32201;2009
3305109;São João de Meriti;457745;2009
3305133;São José de Ubá;6942;2009
3305158;São José do Vale do Rio Preto;20152;2009
3305208;São Pedro da Aldeia;85029;2009
3305307;São Sebastião do Alto;8844;2009
3305406;Sapucaia;17488;2009
3305505;Saquarema;71701;2009
3305554;Seropédica;76786;2009
3305604;Silva Jardim;21341;2009
3305703;Sumidouro;14826;2009
3305752;Tanguá;30229;2009
3305802;Teresópolis;160978;2009
3305901;Trajano de Moraes;10264;2009
3306008;Três Rios;76868;2009
3306107;Valença;71269;2009
3306156;Varre-Sai;9299;2009
3306206;Vassouras;34102;2009
3306305;Volta Redonda;256184;2009
3300100;Angra dos Reis;169511;2010
3300159;Aperibé;10213;2010
3300209;Araruama;112008;2010
3300225;Areal;11423;2010
3300233;Armação dos Búzios;27560;2010
3300258;Arraial do Cabo;27715;2010
3300308;Barra do Piraí;94778;2010
3300407;Barra Mansa;177813;2010
3300456;Belford Roxo;469332;2010
3300506;Bom Jardim;25333;2010
3300605;Bom Jesus do Itabapoana;35411;2010
3300704;Cabo Frio;186227;2010
3300803;Cachoeiras de Macacu;54273;2010
3300902;Cambuci;14827;2010
3301009;Campos dos Goytacazes;463731;2010
3301108;Cantagalo;19830;2010
3300936;Carapebus;13359;2010
3301157;Cardoso Moreira;12600;2010
3301207;Carmo;17434;2010
3301306;Casimiro de Abreu;35347;2010
3300951;Comendador Levy Gasparian;8180;2010
3301405;Conceição de Macabu;21211;2010
3301504;Cordeiro;20430;2010
3301603;Duas Barras;10930;2010
3301702;Duque de Caxias;855048;2010
3301801;Engenheiro Paulo de Frontin;13237;2010
3301850;Guapimirim;51483;2010
3301876;Iguaba Grande;22851;2010
3301900;Itaboraí;218008;2010
3302007;Itaguaí;109091;2010
3302056;Italva;14063;2010
3302106;Itaocara;22899;2010
3302205;Itaperuna;95841;2010
3302254;Itatiaia;28783;2010
3302270;Japeri;95492;2010
3302304;Laje do Muriaé;7487;2010
3302403;Macaé;206728;2010
3302452;Macuco;5269;2010
3302502;Magé;227322;2010
3302601;Mangaratiba;36456;2010
3302700;Maricá;127461;2010
3302809;Mendes;17935;2010
3302858;Mesquita;168376;2010
3302908;Miguel Pereira;24642;2010
3303005;Miracema;26843;2010
3303104;Natividade;15082;2010
3303203;Nilópolis;157425;2010
3303302;Niterói;487562;2010
3303401;Nova Friburgo;182082;2010
3303500;Nova Iguaçu;796257;2010
3303609;Paracambi;47124;2010
3303708;Paraíba do Sul;41084;2010
3303807;Paraty;37533;2010
3303856;Paty do Alferes;26359;2010
3303906;Petrópolis;295917;2010
3303955;Pinheiral;22719;2010
3304003;Piraí;26314;2010
3304102;Porciúncula;17760;2010
3304110;Porto Real;16592;2010
3304128;Quatis;12793;2010
3304144;Queimados;137962;2010
3304151;Quissamã;20242;2010
3304201;Resende;119769;2010
3304300;Rio Bonito;55551;2010
3304409;Rio Claro;17425;2010
3304508;Rio das Flores;8561;2010
3304524;Rio das Ostras;105676;2010
3304557;Rio de Janeiro;6320446;2010
3304607;Santa Maria Madalena;10321;2010
3304706;Santo Antônio de Pádua;40589;2010
3304805;São Fidélis;37543;2010
3304755;São Francisco de Itabapoana;41354;2010
3304904;São Gonçalo;999728;2010
3305000;São João da Barra;32747;2010
3305109;São João de Meriti;458673;2010
3305133;São José de Ubá;7003;2010
3305158;São José do Vale do Rio Preto;20251;2010
3305208;São Pedro da Aldeia;87875;2010
3305307;São Sebastião do Alto;8895;2010
3305406;Sapucaia;17525;2010
3305505;Saquarema;74234;2010
3305554;Seropédica;78186;2010
3305604;Silva Jardim;21349;2010
3305703;Sumidouro;14900;2010
3305752;Tanguá;30732;2010
3305802;Teresópolis;163746;2010
3305901;Trajano de Moraes;10289;2010
3306008;Três Rios;77432;2010
3306107;Valença;71843;2010
3306156;Varre-Sai;9475;2010
3306206;Vassouras;34410;2010
3306305;Volta Redonda;257803;2010
3300100;Angra dos Reis;173370;2011
3300159;Aperibé;10382;2011
3300209;Araruama;114250;2011
3300225;Areal;11540;2011
3300233;Armação dos Búzios;28279;2011
3300258;Arraial do Cabo;28010;2011
3300308;Barra do Piraí;95260;2011
3300407;Barra Mansa;178355;2011
3300456;Belford Roxo;472008;2011
3300506;Bom Jardim;25539;2011
3300605;Bom Jesus do Itabapoana;35546;2011
3300704;Cabo Frio;190787;2011
3300803;Cachoeiras de Macacu;54713;2011
3300902;Cambuci;14840;2011
3301009;Campos dos Goytacazes;468087;2011
3301108;Cantagalo;19830;2011
3300936;Carapebus;13697;2011
3301157;Cardoso Moreira;12601;2011
3301207;Carmo;17599;2011
3301306;Casimiro de Abreu;36360;2011
3300951;Comendador Levy Gasparian;8200;2011
3301405;Conceição de Macabu;21416;2011
3301504;Cordeiro;20571;2011
3301603;Duas Barras;10976;2011
3301702;Duque de Caxias;861158;2011
3301801;Engenheiro Paulo de Frontin;13324;2011
3301850;Guapimirim;52522;2011
3301876;Iguaba Grande;23475;2011
3301900;Itaboraí;220352;2011
3302007;Itaguaí;111171;2011
3302056;Italva;14174;2011
3302106;Itaocara;22892;2011
3302205;Itaperuna;96542;2011
3302254;Itatiaia;29094;2011
3302270;Japeri;96430;2011
3302304;Laje do Muriaé;7455;2011
3302403;Macaé;212433;2011
3302452;Macuco;5299;2011
3302502;Magé;228972;2011
3302601;Mangaratiba;37343;2011
3302700;Maricá;131355;2011
3302809;Mendes;17981;2011
3302858;Mesquita;168966;2011
3302908;Miguel Pereira;24699;2011
3303005;Miracema;26827;2011
3303104;Natividade;15079;2011
3303203;Nilópolis;157710;2011
3303302;Niterói;489720;2011
3303401;Nova Friburgo;182748;2011
3303500;Nova Iguaçu;799047;2011
3303609;Paracambi;47635;2011
3303708;Paraíba do Sul;41367;2011
3303807;Paraty;38147;2011
3303856;Paty do Alferes;26469;2011
3303906;Petrópolis;296565;2011
3303955;Pinheiral;22968;2011
3304003;Piraí;26637;2011
3304102;Porciúncula;17899;2011
3304110;Porto Real;16938;2011
3304128;Quatis;12952;2011
3304144;Queimados;139188;2011
3304151;Quissamã;20747;2011
3304201;Resende;120938;2011
3304300;Rio Bonito;56001;2011
3304409;Rio Claro;17517;2011
3304508;Rio das Flores;8633;2011
3304524;Rio das Ostras;110992;2011
3304557;Rio de Janeiro;6355949;2011
3304607;Santa Maria Madalena;10310;2011
3304706;Santo Antônio de Pádua;40735;2011
3304805;São Fidélis;37601;2011
3304755;São Francisco de Itabapoana;41371;2011
3304904;São Gonçalo;1008065;2011
3305000;São João da Barra;33136;2011
3305109;São João de Meriti;459379;2011
3305133;São José de Ubá;7049;2011
3305158;São José do Vale do Rio Preto;20398;2011
3305208;São Pedro da Aldeia;89739;2011
3305307;São Sebastião do Alto;8933;2011
3305406;Sapucaia;17554;2011
3305505;Saquarema;75906;2011
3305554;Seropédica;79179;2011
3305604;Silva Jardim;21356;2011
3305703;Sumidouro;14956;2011
3305752;Tanguá;31091;2011
3305802;Teresópolis;165716;2011
3305901;Trajano de Moraes;10309;2011
3306008;Três Rios;77851;2011
3306107;Valença;72268;2011
3306156;Varre-Sai;9600;2011
3306206;Vassouras;34638;2011
3306305;Volta Redonda;259012;2011
3300100;Angra dos Reis;177101;2012
3300159;Aperibé;10545;2012
3300209;Araruama;116418;2012
3300225;Areal;11654;2012
3300233;Armação dos Búzios;28973;2012
3300258;Arraial do Cabo;28295;2012
3300308;Barra do Piraí;95726;2012
3300407;Barra Mansa;178880;2012
3300456;Belford Roxo;474596;2012
3300506;Bom Jardim;25738;2012
3300605;Bom Jesus do Itabapoana;35677;2012
3300704;Cabo Frio;195197;2012
3300803;Cachoeiras de Macacu;55139;2012
3300902;Cambuci;14851;2012
3301009;Campos dos Goytacazes;472300;2012
3301108;Cantagalo;19830;2012
3300936;Carapebus;14024;2012
3301157;Cardoso Moreira;12601;2012
3301207;Carmo;17758;2012
3301306;Casimiro de Abreu;37340;2012
3300951;Comendador Levy Gasparian;8219;2012
3301405;Conceição de Macabu;21613;2012
3301504;Cordeiro;20707;2012
3301603;Duas Barras;11020;2012
3301702;Duque de Caxias;867067;2012
3301801;Engenheiro Paulo de Frontin;13408;2012
3301850;Guapimirim;53527;2012
3301876;Iguaba Grande;24079;2012
3301900;Itaboraí;222618;2012
3302007;Itaguaí;113182;2012
3302056;Italva;14281;2012
3302106;Itaocara;22884;2012
3302205;Itaperuna;97219;2012
3302254;Itatiaia;29394;2012
3302270;Japeri;97337;2012
3302304;Laje do Muriaé;7424;2012
3302403;Macaé;217951;2012
3302452;Macuco;5327;2012
3302502;Magé;230568;2012
3302601;Mangaratiba;38201;2012
3302700;Maricá;135121;2012
3302809;Mendes;18024;2012
3302858;Mesquita;169537;2012
3302908;Miguel Pereira;24754;2012
3303005;Miracema;26810;2012
3303104;Natividade;15076;2012
3303203;Nilópolis;157986;2012
3303302;Niterói;491807;2012
3303401;Nova Friburgo;183391;2012
3303500;Nova Iguaçu;801746;2012
3303609;Paracambi;48129;2012
3303708;Paraíba do Sul;41639;2012
3303807;Paraty;38740;2012
3303856;Paty do Alferes;26575;2012
3303906;Petrópolis;297192;2012
3303955;Pinheiral;23208;2012
3304003;Piraí;26948;2012
3304102;Porciúncula;18034;2012
3304110;Porto Real;17272;2012
3304128;Quatis;13105;2012
3304144;Queimados;140374;2012
3304151;Quissamã;21234;2012
3304201;Resende;122068;2012
3304300;Rio Bonito;56436;2012
3304409;Rio Claro;17606;2012
3304508;Rio das Flores;8703;2012
3304524;Rio das Ostras;116134;2012
3304557;Rio de Janeiro;6390290;2012
3304607;Santa Maria Madalena;10298;2012
3304706;Santo Antônio de Pádua;40876;2012
3304805;São Fidélis;37657;2012
3304755;São Francisco de Itabapoana;41386;2012
3304904;São Gonçalo;1016128;2012
3305000;São João da Barra;33512;2012
3305109;São João de Meriti;460062;2012
3305133;São José de Ubá;7093;2012
3305158;São José do Vale do Rio Preto;20540;2012
3305208;São Pedro da Aldeia;91542;2012
3305307;São Sebastião do Alto;8970;2012
3305406;Sapucaia;17581;2012
3305505;Saquarema;77522;2012
3305554;Seropédica;80138;2012
3305604;Silva Jardim;21362;2012
3305703;Sumidouro;15010;2012
3305752;Tanguá;31438;2012
3305802;Teresópolis;167622;2012
3305901;Trajano de Moraes;10327;2012
3306008;Três Rios;78256;2012
3306107;Valença;72679;2012
3306156;Varre-Sai;9720;2012
3306206;Vassouras;34858;2012
3306305;Volta Redonda;260180;2012
3300100;Angra dos Reis;181486;2013
3300159;Aperibé;10736;2013
3300209;Araruama;118964;2013
3300225;Areal;11785;2013
3300233;Armação dos Búzios;29790;2013
3300258;Arraial do Cabo;28627;2013
3300308;Barra do Piraí;96261;2013
3300407;Barra Mansa;179472;2013
3300456;Belford Roxo;477583;2013
3300506;Bom Jardim;25969;2013
3300605;Bom Jesus do Itabapoana;35825;2013
3300704;Cabo Frio;200380;2013
3300803;Cachoeiras de Macacu;55632;2013
3300902;Cambuci;14862;2013
3301009;Campos dos Goytacazes;477208;2013
3301108;Cantagalo;19825;2013
3300936;Carapebus;14408;2013
3301157;Cardoso Moreira;12599;2013
3301207;Carmo;17944;2013
3301306;Casimiro de Abreu;38492;2013
3300951;Comendador Levy Gasparian;8240;2013
3301405;Conceição de Macabu;21844;2013
3301504;Cordeiro;20863;2013
3301603;Duas Barras;11070;2013
3301702;Duque de Caxias;873921;2013
3301801;Engenheiro Paulo de Frontin;13505;2013
3301850;Guapimirim;54706;2013
3301876;Iguaba Grande;24788;2013
3301900;Itaboraí;225263;2013
3302007;Itaguaí;115542;2013
3302056;Italva;14405;2013
3302106;Itaocara;22870;2013
3302205;Itaperuna;98004;2013
3302254;Itatiaia;29744;2013
3302270;Japeri;98393;2013
3302304;Laje do Muriaé;7385;2013
3302403;Macaé;224442;2013
3302452;Macuco;5360;2013
3302502;Magé;232419;2013
3302601;Mangaratiba;39210;2013
3302700;Maricá;139552;2013
3302809;Mendes;18072;2013
3302858;Mesquita;170185;2013
3302908;Miguel Pereira;24815;2013
3303005;Miracema;26786;2013
3303104;Natividade;15069;2013
3303203;Nilópolis;158288;2013
3303302;Niterói;494200;2013
3303401;Nova Friburgo;184122;2013
3303500;Nova Iguaçu;804815;2013
3303609;Paracambi;48705;2013
3303708;Paraíba do Sul;41955;2013
3303807;Paraty;39434;2013
3303856;Paty do Alferes;26696;2013
3303906;Petrópolis;297888;2013
3303955;Pinheiral;23488;2013
3304003;Piraí;27311;2013
3304102;Porciúncula;18188;2013
3304110;Porto Real;17663;2013
3304128;Quatis;13283;2013
3304144;Queimados;141753;2013
3304151;Quissamã;21806;2013
3304201;Resende;123385;2013
3304300;Rio Bonito;56942;2013
3304409;Rio Claro;17709;2013
3304508;Rio das Flores;8783;2013
3304524;Rio das Ostras;122196;2013
3304557;Rio de Janeiro;6429922;2013
3304607;Santa Maria Madalena;10282;2013
3304706;Santo Antônio de Pádua;41035;2013
3304805;São Fidélis;37717;2013
3304755;São Francisco de Itabapoana;41397;2013
3304904;São Gonçalo;1025507;2013
3305000;São João da Barra;33951;2013
3305109;São João de Meriti;460799;2013
3305133;São José de Ubá;7143;2013
3305158;São José do Vale do Rio Preto;20704;2013
3305208;São Pedro da Aldeia;93659;2013
3305307;São Sebastião do Alto;9012;2013
3305406;Sapucaia;17610;2013
3305505;Saquarema;79421;2013
3305554;Seropédica;81260;2013
3305604;Silva Jardim;21366;2013
3305703;Sumidouro;15070;2013
3305752;Tanguá;31844;2013
3305802;Teresópolis;169849;2013
3305901;Trajano de Moraes;10347;2013
3306008;Três Rios;78723;2013
3306107;Valença;73154;2013
3306156;Varre-Sai;9861;2013
3306206;Vassouras;35112;2013
3306305;Volta Redonda;261522;2013
3300100;Angra dos Reis;184940;2014
3300159;Aperibé;10882;2014
3300209;Araruama;120948;2014
3300225;Areal;11879;2014
3300233;Armação dos Búzios;30439;2014
3300258;Arraial do Cabo;28866;2014
3300308;Barra do Piraí;96568;2014
3300407;Barra Mansa;179697;2014
3300456;Belford Roxo;479386;2014
3300506;Bom Jardim;26126;2014
3300605;Bom Jesus do Itabapoana;35896;2014
3300704;Cabo Frio;204486;2014
3300803;Cachoeiras de Macacu;55967;2014
3300902;Cambuci;14849;2014
3301009;Campos dos Goytacazes;480648;2014
3301108;Cantagalo;19792;2014
3300936;Carapebus;14713;2014
3301157;Cardoso Moreira;12578;2014
3301207;Carmo;18074;2014
3301306;Casimiro de Abreu;39414;2014
3300951;Comendador Levy Gasparian;8245;2014
3301405;Conceição de Macabu;22006;2014
3301504;Cordeiro;20965;2014
3301603;Duas Barras;11096;2014
3301702;Duque de Caxias;878402;2014
3301801;Engenheiro Paulo de Frontin;13566;2014
3301850;Guapimirim;55626;2014
3301876;Iguaba Grande;25354;2014
3301900;Itaboraí;227168;2014
3302007;Itaguaí;117374;2014
3302056;Italva;14489;2014
3302106;Itaocara;22824;2014
3302205;Itaperuna;98521;2014
3302254;Itatiaia;29996;2014
3302270;Japeri;99141;2014
3302304;Laje do Muriaé;7341;2014
3302403;Macaé;229624;2014
3302452;Macuco;5380;2014
3302502;Magé;233634;2014
3302601;Mangaratiba;40008;2014
3302700;Maricá;143111;2014
3302809;Mendes;18086;2014
3302858;Mesquita;170473;2014
3302908;Miguel Pereira;24829;2014
3303005;Miracema;26724;2014
3303104;Natividade;15040;2014
3303203;Nilópolis;158299;2014
3303302;Niterói;495470;2014
3303401;Nova Friburgo;184460;2014
3303500;Nova Iguaçu;806177;2014
3303609;Paracambi;49120;2014
3303708;Paraíba do Sul;42159;2014
3303807;Paraty;39965;2014
3303856;Paty do Alferes;26758;2014
3303906;Petrópolis;298017;2014
3303955;Pinheiral;23691;2014
3304003;Piraí;27579;2014
3304102;Porciúncula;18293;2014
3304110;Porto Real;17970;2014
3304128;Quatis;13415;2014
3304144;Queimados;142709;2014
3304151;Quissamã;22261;2014
3304201;Resende;124316;2014
3304300;Rio Bonito;57284;2014
3304409;Rio Claro;17768;2014
3304508;Rio das Flores;8838;2014
3304524;Rio das Ostras;127171;2014
3304557;Rio de Janeiro;6453682;2014
3304607;Santa Maria Madalena;10253;2014
3304706;Santo Antônio de Pádua;41108;2014
3304805;São Fidélis;37710;2014
3304755;São Francisco de Itabapoana;41343;2014
3304904;São Gonçalo;1031903;2014
3305000;São João da Barra;34273;2014
3305109;São João de Meriti;460711;2014
3305133;São José de Ubá;7175;2014
3305158;São José do Vale do Rio Preto;20812;2014
3305208;São Pedro da Aldeia;95318;2014
3305307;São Sebastião do Alto;9033;2014
3305406;Sapucaia;17608;2014
3305505;Saquarema;80915;2014
3305554;Seropédica;82090;2014
3305604;Silva Jardim;21336;2014
3305703;Sumidouro;15099;2014
3305752;Tanguá;32140;2014
3305802;Teresópolis;171482;2014
3305901;Trajano de Moraes;10348;2014
3306008;Três Rios;78998;2014
3306107;Valença;73445;2014
3306156;Varre-Sai;9966;2014
3306206;Vassouras;35275;2014
3306305;Volta Redonda;262259;2014
3300100;Angra dos Reis;188276;2015
3300159;Aperibé;11023;2015
3300209;Araruama;122865;2015
3300225;Areal;11970;2015
3300233;Armação dos Búzios;31067;2015
3300258;Arraial do Cabo;29097;2015
3300308;Barra do Piraí;96865;2015
3300407;Barra Mansa;179915;2015
3300456;Belford Roxo;481127;2015
3300506;Bom Jardim;26278;2015
3300605;Bom Jesus do Itabapoana;35964;2015
3300704;Cabo Frio;208451;2015
3300803;Cachoeiras de Macacu;56290;2015
3300902;Cambuci;14836;2015
3301009;Campos dos Goytacazes;483970;2015
3301108;Cantagalo;19759;2015
3300936;Carapebus;15008;2015
3301157;Cardoso Moreira;12558;2015
3301207;Carmo;18200;2015
3301306;Casimiro de Abreu;40305;2015
3300951;Comendador Levy Gasparian;8250;2015
3301405;Conceição de Macabu;22163;2015
3301504;Cordeiro;21063;2015
3301603;Duas Barras;11121;2015
3301702;Duque de Caxias;882729;2015
3301801;Engenheiro Paulo de Frontin;13626;2015
3301850;Guapimirim;56515;2015
3301876;Iguaba Grande;25901;2015
3301900;Itaboraí;229007;2015
3302007;Itaguaí;119143;2015
3302056;Italva;14569;2015
3302106;Itaocara;22779;2015
3302205;Itaperuna;99021;2015
3302254;Itatiaia;30240;2015
3302270;Japeri;99863;2015
3302304;Laje do Muriaé;7298;2015
3302403;Macaé;234628;2015
3302452;Macuco;5398;2015
3302502;Magé;234809;2015
3302601;Mangaratiba;40779;2015
3302700;Maricá;146549;2015
3302809;Mendes;18099;2015
3302858;Mesquita;170751;2015
3302908;Miguel Pereira;24842;2015
3303005;Miracema;26665;2015
3303104;Natividade;15013;2015
3303203;Nilópolis;158309;2015
3303302;Niterói;496696;2015
3303401;Nova Friburgo;184786;2015
3303500;Nova Iguaçu;807492;2015
3303609;Paracambi;49521;2015
3303708;Paraíba do Sul;42356;2015
3303807;Paraty;40478;2015
3303856;Paty do Alferes;26818;2015
3303906;Petrópolis;298142;2015
3303955;Pinheiral;23887;2015
3304003;Piraí;27838;2015
3304102;Porciúncula;18059;2015
3304110;Porto Real;18266;2015
3304128;Quatis;13543;2015
3304144;Queimados;143632;2015
3304151;Quissamã;22700;2015
3304201;Resende;125214;2015
3304300;Rio Bonito;57615;2015
3304409;Rio Claro;17826;2015
3304508;Rio das Flores;8892;2015
3304524;Rio das Ostras;131976;2015
3304557;Rio de Janeiro;6476631;2015
3304607;Santa Maria Madalena;10225;2015
3304706;Santo Antônio de Pádua;41178;2015
3304805;São Fidélis;37703;2015
3304755;São Francisco de Itabapoana;41291;2015
3304904;São Gonçalo;1038081;2015
3305000;São João da Barra;34583;2015
3305109;São João de Meriti;460625;2015
3305133;São José de Ubá;7206;2015
3305158;São José do Vale do Rio Preto;20916;2015
3305208;São Pedro da Aldeia;96920;2015
3305307;São Sebastião do Alto;9054;2015
3305406;Sapucaia;17606;2015
3305505;Saquarema;82359;2015
3305554;Seropédica;82892;2015
3305604;Silva Jardim;21307;2015
3305703;Sumidouro;15127;2015
3305752;Tanguá;32426;2015
3305802;Teresópolis;173060;2015
3305901;Trajano de Moraes;10350;2015
3306008;Três Rios;79264;2015
3306107;Valença;73725;2015
3306156;Varre-Sai;10402;2015
3306206;Vassouras;35432;2015
3306305;Volta Redonda;262970;2015
3300100;Angra dos Reis;191504;2016
3300159;Aperibé;11160;2016
3300209;Araruama;124940;2016
3300225;Areal;12058;2016
3300233;Armação dos Búzios;31674;2016
3300258;Arraial do Cabo;29077;2016
3300308;Barra do Piraí;97152;2016
3300407;Barra Mansa;180126;2016
3300456;Belford Roxo;494141;2016
3300506;Bom Jardim;26424;2016
3300605;Bom Jesus do Itabapoana;36031;2016
3300704;Cabo Frio;212289;2016
3300803;Cachoeiras de Macacu;56603;2016
3300902;Cambuci;14824;2016
3301009;Campos dos Goytacazes;487186;2016
3301108;Cantagalo;19727;2016
3300936;Carapebus;15293;2016
3301157;Cardoso Moreira, Italva;12538;2016
3301207;Carmo;18322;2016
3301306;Casimiro de Abreu;41167;2016
3300951;Comendador Levy Gasparian;8255;2016
3301405;Conceição de Macabu;22315;2016
3301504;Cordeiro;21158;2016
3301603;Duas Barras;11145;2016
3301702;Duque de Caxias;886917;2016
3301801;Engenheiro Paulo de Frontin;13521;2016
3301850;Guapimirim;57105;2016
3301876;Iguaba Grande;26430;2016
3301900;Itaboraí;230786;2016
3302007;Itaguaí;120855;2016
3302056;Italva;14647;2016
3302106;Itaocara;22736;2016
3302205;Itaperuna;99504;2016
3302254;Itatiaia;30475;2016
3302270;Japeri;100562;2016
3302304;Laje do Muriaé;7257;2016
3302403;Macaé;239471;2016
3302452;Macuco;5417;2016
3302502;Magé;236319;2016
3302601;Mangaratiba;41557;2016
3302700;Maricá;149876;2016
3302809;Mendes;18111;2016
3302858;Mesquita;171020;2016
3302908;Miguel Pereira;24855;2016
3303005;Miracema;26607;2016
3303104;Natividade;14986;2016
3303203;Nilópolis;158319;2016
3303302;Niterói;497883;2016
3303401;Nova Friburgo;185102;2016
3303500;Nova Iguaçu;797435;2016
3303609;Paracambi;50071;2016
3303708;Paraíba do Sul;42737;2016
3303807;Paraty;40975;2016
3303856;Paty do Alferes;26939;2016
3303906;Petrópolis;298158;2016
3303955;Pinheiral;24076;2016
3304003;Piraí;28088;2016
3304102;Porciúncula;18156;2016
3304110;Porto Real;18552;2016
3304128;Quatis;13666;2016
3304144;Queimados;144525;2016
3304151;Quissamã;23125;2016
3304201;Resende;126084;2016
3304300;Rio Bonito;57963;2016
3304409;Rio Claro;17850;2016
3304508;Rio das Flores;8943;2016
3304524;Rio das Ostras;136626;2016
3304557;Rio de Janeiro;6498837;2016
3304607;Santa Maria Madalena;10198;2016
3304706;Santo Antônio de Pádua;41246;2016
3304805;São Fidélis;37696;2016
3304755;São Francisco de Itabapoana;41240;2016
3304904;São Gonçalo;1044058;2016
3305000;São João da Barra;34884;2016
3305109;São João de Meriti;460541;2016
3305133;São José de Ubá;7236;2016
3305158;São José do Vale do Rio Preto;21017;2016
3305208;São Pedro da Aldeia;98470;2016
3305307;São Sebastião do Alto;9075;2016
3305406;Sapucaia;17604;2016
3305505;Saquarema;83750;2016
3305554;Seropédica;83667;2016
3305604;Silva Jardim;21279;2016
3305703;Sumidouro;15153;2016
3305752;Tanguá;32703;2016
3305802;Teresópolis;174587;2016
3305901;Trajano de Moraes;10351;2016
3306008;Três Rios;79230;2016
3306107;Valença;73997;2016
3306156;Varre-Sai;10500;2016
3306206;Vassouras;35622;2016
3306305;Volta Redonda;263659;2016
3300100;Angra dos Reis;194619;2017
3300159;Aperibé;11292;2017
3300209;Araruama;126742;2017
3300225;Areal;12143;2017
3300233;Armação dos Búzios;32260;2017
3300258;Arraial do Cabo;29304;2017
3300308;Barra do Piraí;97460;2017
3300407;Barra Mansa;179451;2017
3300456;Belford Roxo;495783;2017
3300506;Bom Jardim;26566;2017
3300605;Bom Jesus do Itabapoana;36068;2017
3300704;Cabo Frio;216030;2017
3300803;Cachoeiras de Macacu;57048;2017
3300902;Cambuci;15124;2017
3301009;Campos dos Goytacazes;490288;2017
3301108;Cantagalo;19697;2017
3300936;Carapebus;15568;2017
3301157;Cardoso Moreira;12519;2017
3301207;Carmo;18264;2017
3301306;Casimiro de Abreu;41999;2017
3300951;Comendador Levy Gasparian;8336;2017
3301405;Conceição de Macabu;22461;2017
3301504;Cordeiro;21250;2017
3301603;Duas Barras;11169;2017
3301702;Duque de Caxias;890997;2017
3301801;Engenheiro Paulo de Frontin;13576;2017
3301850;Guapimirim;57921;2017
3301876;Iguaba Grande;26936;2017
3301900;Itaboraí;232394;2017
3302007;Itaguaí;122369;2017
3302056;Italva;14723;2017
3302106;Itaocara;22694;2017
3302205;Itaperuna;99997;2017
3302254;Itatiaia;30703;2017
3302270;Japeri;101237;2017
3302304;Laje do Muriaé;7217;2017
3302403;Macaé;244139;2017
3302452;Macuco;5434;2017
3302502;Magé;237420;2017
3302601;Mangaratiba;42415;2017
3302700;Maricá;153008;2017
3302809;Mendes;18123;2017
3302858;Mesquita;171280;2017
3302908;Miguel Pereira;24871;2017
3303005;Miracema;26551;2017
3303104;Natividade;14960;2017
3303203;Nilópolis;158329;2017
3303302;Niterói;499028;2017
3303401;Nova Friburgo;185381;2017
3303500;Nova Iguaçu;798647;2017
3303609;Paracambi;50447;2017
3303708;Paraíba do Sul;42922;2017
3303807;Paraty;41454;2017
3303856;Paty do Alferes;26991;2017
3303906;Petrópolis;298235;2017
3303955;Pinheiral;24282;2017
3304003;Piraí;28222;2017
3304102;Porciúncula;18248;2017
3304110;Porto Real;18829;2017
3304128;Quatis;13785;2017
3304144;Queimados;145386;2017
3304151;Quissamã;23535;2017
3304201;Resende;126923;2017
3304300;Rio Bonito;58272;2017
3304409;Rio Claro;17988;2017
3304508;Rio das Flores;8984;2017
3304524;Rio das Ostras;141117;2017
3304557;Rio de Janeiro;6520266;2017
3304607;Santa Maria Madalena;10172;2017
3304706;Santo Antônio de Pádua;41312;2017
3304805;São Fidélis;37689;2017
3304755;São Francisco de Itabapoana;41191;2017
3304904;São Gonçalo;1049826;2017
3305000;São João da Barra;35174;2017
3305109;São João de Meriti;460461;2017
3305133;São José de Ubá;6953;2017
3305158;São José do Vale do Rio Preto;21114;2017
3305208;São Pedro da Aldeia;99906;2017
3305307;São Sebastião do Alto;9094;2017
3305406;Sapucaia;17765;2017
3305505;Saquarema;85175;2017
3305554;Seropédica;84416;2017
3305604;Silva Jardim;21253;2017
3305703;Sumidouro;15191;2017
3305752;Tanguá;32970;2017
3305802;Teresópolis;176060;2017
3305901;Trajano de Moraes;10352;2017
3306008;Três Rios;79402;2017
3306107;Valença;74237;2017
3306156;Varre-Sai;10597;2017
3306206;Vassouras;35768;2017
3306305;Volta Redonda;265201;2017
3300100;Angra dos Reis;200407;2018
3300159;Aperibé;11612;2018
3300209;Araruama;130439;2018
3300225;Areal;12471;2018
3300233;Armação dos Búzios;33240;2018
3300258;Arraial do Cabo;30096;2018
3300308;Barra do Piraí;99969;2018
3300407;Barra Mansa;183976;2018
3300456;Belford Roxo;508614;2018
3300506;Bom Jardim;27269;2018
3300605;Bom Jesus do Itabapoana;36985;2018
3300704;Cabo Frio;222528;2018
3300803;Cachoeiras de Macacu;58560;2018
3300902;Cambuci;15496;2018
3301009;Campos dos Goytacazes;503424;2018
3301108;Cantagalo;20177;2018
3300936;Carapebus;16039;2018
3301157;Cardoso Moreira;12826;2018
3301207;Carmo;18755;2018
3301306;Casimiro de Abreu;43295;2018
3300951;Comendador Levy Gasparian;8544;2018
3301405;Conceição de Macabu;23064;2018
3301504;Cordeiro;21806;2018
3301603;Duas Barras;11454;2018
3301702;Duque de Caxias;914383;2018
3301801;Engenheiro Paulo de Frontin;13929;2018
3301850;Guapimirim;59613;2018
3301876;Iguaba Grande;27762;2018
3301900;Itaboraí;238695;2018
3302007;Itaguaí;125913;2018
3302056;Italva;15113;2018
3302106;Itaocara;23247;2018
3302205;Itaperuna;102626;2018
3302254;Itatiaia;31537;2018
3302270;Japeri;103960;2018
3302304;Laje do Muriaé;7386;2018
3302403;Macaé;251631;2018
3302452;Macuco;5574;2018
3302502;Magé;243657;2018
3302601;Mangaratiba;43689;2018
3302700;Maricá;157789;2018
3302809;Mendes;18578;2018
3302858;Mesquita;175620;2018
3302908;Miguel Pereira;25493;2018
3303005;Miracema;27195;2018
3303104;Natividade;15324;2018
3303203;Nilópolis;162269;2018
3303302;Niterói;511786;2018
3303401;Nova Friburgo;190084;2018
3303500;Nova Iguaçu;818875;2018
3303609;Paracambi;51815;2018
3303708;Paraíba do Sul;44045;2018
3303807;Paraty;42630;2018
3303856;Paty do Alferes;27678;2018
3303906;Petrópolis;305687;2018
3303955;Pinheiral;24941;2018
3304003;Piraí;28999;2018
3304102;Porciúncula;18730;2018
3304110;Porto Real;19381;2018
3304128;Quatis;14165;2018
3304144;Queimados;149265;2018
3304151;Quissamã;24246;2018
3304201;Resende;130334;2018
3304300;Rio Bonito;59814;2018
3304409;Rio Claro;18451;2018
3304508;Rio das Flores;9222;2018
3304524;Rio das Ostras;145989;2018
3304557;Rio de Janeiro;6688927;2018
3304607;Santa Maria Madalena;10417;2018
3304706;Santo Antônio de Pádua;42359;2018
3304805;São Fidélis;38626;2018
3304755;São Francisco de Itabapoana;42201;2018
3304904;São Gonçalo;1077687;2018
3305000;São João da Barra;36138;2018
3305109;São João de Meriti;471888;2018
3305133;São José de Ubá;7134;2018
3305158;São José do Vale do Rio Preto;21670;2018
3305208;São Pedro da Aldeia;102846;2018
3305307;São Sebastião do Alto;9326;2018
3305406;Sapucaia;18205;2018
3305505;Saquarema;87704;2018
3305554;Seropédica;86743;2018
3305604;Silva Jardim;21773;2018
3305703;Sumidouro;15577;2018
3305752;Tanguá;33870;2018
3305802;Teresópolis;180886;2018
3305901;Trajano de Moraes;10611;2018
3306008;Três Rios;81453;2018
3306107;Valença;76163;2018
3306156;Varre-Sai;10890;2018
3306206;Vassouras;36702;2018
3306305;Volta Redonda;271998;2018
3300100;Angra dos Reis;203785;2019
3300159;Aperibé;11759;2019
3300209;Araruama;132400;2019
3300225;Areal;12572;2019
3300233;Armação dos Búzios;33870;2019
3300258;Arraial do Cabo;30349;2019
3300308;Barra do Piraí;100374;2019
3300407;Barra Mansa;184412;2019
3300456;Belford Roxo;510906;2019
3300506;Bom Jardim;27446;2019
3300605;Bom Jesus do Itabapoana;37096;2019
3300704;Cabo Frio;226525;2019
3300803;Cachoeiras de Macacu;58937;2019
3300902;Cambuci;15505;2019
3301009;Campos dos Goytacazes;507548;2019
3301108;Cantagalo;20172;2019
3300936;Carapebus;16301;2019
3301157;Cardoso Moreira;12823;2019
3301207;Carmo;18895;2019
3301306;Casimiro de Abreu;44184;2019
3300951;Comendador Levy Gasparian;8561;2019
3301405;Conceição de Macabu;23228;2019
3301504;Cordeiro;21926;2019
3301603;Duas Barras;11492;2019
3301702;Duque de Caxias;919596;2019
3301801;Engenheiro Paulo de Frontin;14002;2019
3301850;Guapimirim;60517;2019
3301876;Iguaba Grande;28310;2019
3301900;Itaboraí;240592;2019
3302007;Itaguaí;133019;2019
3302056;Italva;15207;2019
3302106;Itaocara;23234;2019
3302205;Itaperuna;103224;2019
3302254;Itatiaia;31805;2019
3302270;Japeri;104768;2019
3302304;Laje do Muriaé;7355;2019
3302403;Macaé;256672;2019
3302452;Macuco;5599;2019
3302502;Magé;245071;2019
3302601;Mangaratiba;44468;2019
3302700;Maricá;161207;2019
3302809;Mendes;18614;2019
3302858;Mesquita;176103;2019
3302908;Miguel Pereira;25538;2019
3303005;Miracema;27174;2019
3303104;Natividade;15317;2019
3303203;Nilópolis;162485;2019
3303302;Niterói;513584;2019
3303401;Nova Friburgo;190631;2019
3303500;Nova Iguaçu;821128;2019
3303609;Paracambi;52257;2019
3303708;Paraíba do Sul;44285;2019
3303807;Paraty;43165;2019
3303856;Paty do Alferes;27769;2019
3303906;Petrópolis;306191;2019
3303955;Pinheiral;25156;2019
3304003;Piraí;29277;2019
3304102;Porciúncula;18847;2019
3304110;Porto Real;19683;2019
3304128;Quatis;14302;2019
3304144;Queimados;150319;2019
3304151;Quissamã;24700;2019
3304201;Resende;131341;2019
3304300;Rio Bonito;60201;2019
3304409;Rio Claro;18529;2019
3304508;Rio das Flores;9284;2019
3304524;Rio das Ostras;150674;2019
3304557;Rio de Janeiro;6718903;2019
3304607;Santa Maria Madalena;10404;2019
3304706;Santo Antônio de Pádua;42479;2019
3304805;São Fidélis;38669;2019
3304755;São Francisco de Itabapoana;42205;2019
3304904;São Gonçalo;1084839;2019
3305000;São João da Barra;36102;2019
3305109;São João de Meriti;472406;2019
3305133;São José de Ubá;7171;2019
3305158;São José do Vale do Rio Preto;21795;2019
3305208;São Pedro da Aldeia;104476;2019
3305307;São Sebastião do Alto;9357;2019
3305406;Sapucaia;18228;2019
3305505;Saquarema;89170;2019
3305554;Seropédica;82312;2019
3305604;Silva Jardim;21774;2019
3305703;Sumidouro;15623;2019
3305752;Tanguá;34309;2019
3305802;Teresópolis;182594;2019
3305901;Trajano de Moraes;10626;2019
3306008;Três Rios;81804;2019
3306107;Valença;76523;2019
3306156;Varre-Sai;11000;2019
3306206;Vassouras;36896;2019
3306305;Volta Redonda;273012;2019
3300100;Angra dos Reis;207044;2020
3300159;Santo Antônio de Pádua, Aperibé;11901;2020
3300209;Araruama;134293;2020
3300225;Areal,Comendador Levy Gasparian, Três Rios;12669;2020
3300233;Armação dos Búzios;34477;2020
3300258;Arraial do Cabo;30593;2020
3300308;Barra do Piraí;100764;2020
3300407;Barra Mansa;184833;2020
3300456;Belford Roxo;513118;2020
3300506;Bom Jardim;27616;2020
3300605;Bom Jesus do Itabapoana;37203;2020
3300704;Cabo Frio;230378;2020
3300803;Cachoeiras de Macacu;59303;2020
3300902;Cambuci;15514;2020
3301009;Campos dos Goytacazes;511168;2020
3301108;Cantagalo;20168;2020
3300936;Quissamã, Carapebus;16586;2020
3301157;Cardoso Moreira, Italva;12821;2020
3301207;Carmo;19030;2020
3301306;Casimiro de Abreu;45041;2020
3300951;Areal,Comendador Levy Gasparian, Três Rios;8576;2020
3301405;Conceição de Macabu;23398;2020
3301504;Cordeiro, Macuco;22041;2020
3301603;Duas Barras;11528;2020
3301702;Duque de Caxias;924624;2020
3301801;Engenheiro Paulo de Frontin;14071;2020
3301850;Guapimirim;61388;2020
3301876;Iguaba Grande;28837;2020
3301900;Itaboraí;242543;2020
3302007;Itaguaí;134819;2020
3302056;Cardoso Moreira, Italva;15299;2020
3302106;Itaocara;23222;2020
3302205;Itaperuna, São José de Ubá;103800;2020
3302254;Itatiaia;32064;2020
3302270;Japeri;105548;2020
3302304;Laje do Muriaé;7326;2020
3302403;Macaé;261501;2020
3302452;Cordeiro, Macuco;5623;2020
3302502;Magé;246433;2020
3302601;Mangaratiba;45220;2020
3302700;Maricá;164504;2020
3302809;Mendes;18648;2020
3302858;Mesquita;176569;2020
3302908;Miguel Pereira, Paty dos Alferes;25581;2020
3303005;Miracema;27154;2020
3303104;Natividade, Varre-Sai;15311;2020
3303203;Nilópolis;162693;2020
3303302;Niterói;515317;2020
3303401;Nova Friburgo;191158;2020
3303500;Nova Iguaçu;823302;2020
3303609;Paracambi;52683;2020
3303708;Paraíba do Sul;44518;2020
3303807;Paraty;43680;2020
3303856;Miguel Pereira, Paty dos Alferes;27858;2020
3303906;Petrópolis;306678;2020
3303955;Pinheiral;25364;2020
3304003;Piraí;29545;2020
3304102;Porciúncula;18960;2020
3304110;Porto Real, Quatis;19974;2020
3304128;Porto Real, Quatis;14435;2020
3304144;Queimados;151335;2020
3304151;Quissamã, Carapebus;25126;2020
3304201;Resende;132312;2020
3304300;Rio Bonito;60573;2020
3304409;Rio Claro;18605;2020
3304508;Rio das Flores;9344;2020
3304524;Rio das Ostras;155193;2020
3304557;Rio de Janeiro;6747815;2020
3304607;Santa Maria Madalena;10392;2020
3304706;Santo Antônio de Pádua, Aperibé;42594;2020
3304805;São Fidélis;38710;2020
3304755;São Francisco de Itabapoana;42210;2020
3304904;São Gonçalo;1091737;2020
3305000;São João da Barra;36423;2020
3305109;São João de Meriti;472906;2020
3305133;Itaperuna, São José de Ubá;7206;2020
3305158;São José do Vale do Rio Preto;21916;2020
3305208;São Pedro da Aldeia;106049;2020
3305307;São Sebastião do Alto;9387;2020
3305406;Sapucaia;18249;2020
3305505;Saquarema;90583;2020
3305554;Seropédica;83092;2020
3305604;Silva Jardim;21774;2020
3305703;Sumidouro;15667;2020
3305752;Tanguá;34610;2020
3305802;Teresópolis;184240;2020
3305901;Trajano de Moraes;10640;2020
3306008;Areal,Comendador Levy Gasparian, Três Rios;82142;2020
3306107;Valença;76869;2020
3306156;Natividade, Varre-Sai;11106;2020
3306206;Vassouras;37083;2020
3306305;Volta Redonda;273988;2020
3300100;Angra dos Reis;210171;2021
3300159;Santo Antônio de Pádua, Aperibé;12036;2021
3300209;Araruama;136109;2021
3300225;Areal,Comendador Levy Gasparian, Três Rios;12763;2021
3300233;Armação dos Búzios;35060;2021
3300258;Arraial do Cabo;30827;2021
3300308;Barra do Piraí;101139;2021
3300407;Barra Mansa;185237;2021
3300456;Belford Roxo;515239;2021
3300506;Bom Jardim;27779;2021
3300605;Bom Jesus do Itabapoana;37306;2021
3300704;Cabo Frio;234077;2021
3300803;Cachoeiras de Macacu;59652;2021
3300902;Cambuci;15521;2021
3301009;Campos dos Goytacazes;514643;2021
3301108;Cantagalo;20163;2021
3300936;Quissamã, Carapebus;16859;2021
3301157;Cardoso Moreira, Italva;12818;2021
3301207;Carmo;19161;2021
3301306;Casimiro de Abreu;45864;2021
3300951;Areal,Comendador Levy Gasparian, Três Rios;8590;2021
3301405;Conceição de Macabu;23561;2021
3301504;Cordeiro, Macuco;22152;2021
3301603;Duas Barras;11563;2021
3301702;Duque de Caxias;929449;2021
3301801;Engenheiro Paulo de Frontin;14138;2021
3301850;Guapimirim;62225;2021
3301876;Iguaba Grande;29344;2021
3301900;Itaboraí;244416;2021
3302007;Itaguaí;136547;2021
3302056;Cardoso Moreira, Italva;15387;2021
3302106;Itaocara;23211;2021
3302205;Itaperuna, São José de Ubá;104354;2021
3302254;Itatiaia;32312;2021
3302270;Japeri;106296;2021
3302304;Laje do Muriaé;7298;2021
3302403;Macaé;266136;2021
3302452;Cordeiro, Macuco;5646;2021
3302502;Magé;247741;2021
3302601;Mangaratiba;45941;2021
3302700;Maricá;167668;2021
3302809;Mendes;18681;2021
3302858;Mesquita;177016;2021
3302908;Miguel Pereira, Paty dos Alferes;25622;2021
3303005;Miracema;27134;2021
3303104;Natividade, Varre-Sai;15305;2021
3303203;Nilópolis;162893;2021
3303302;Niterói;516981;2021
3303401;Nova Friburgo;191664;2021
3303500;Nova Iguaçu;825388;2021
3303609;Paracambi;53093;2021
3303708;Paraíba do Sul;44741;2021
3303807;Paraty;44175;2021
3303856;Miguel Pereira, Paty dos Alferes;27942;2021
3303906;Petrópolis;307144;2021
3303955;Pinheiral;25563;2021
3304003;Piraí;29802;2021
3304102;Porciúncula;19068;2021
3304110;Porto Real, Quatis;20254;2021
3304128;Porto Real, Quatis;14562;2021
3304144;Queimados;152311;2021
3304151;Quissamã, Carapebus;25535;2021
3304201;Resende;133244;2021
3304300;Rio Bonito;60930;2021
3304409;Rio Claro;18677;2021
3304508;Rio das Flores;9401;2021
3304524;Rio das Ostras;159529;2021
3304557;Rio de Janeiro;6775561;2021
3304607;Santa Maria Madalena;10380;2021
3304706;Santo Antônio de Pádua, Aperibé;42705;2021
3304805;São Fidélis;38749;2021
3304755;São Francisco de Itabapoana;42214;2021
3304904;São Gonçalo;1098357;2021
3305000;São João da Barra;36731;2021
3305109;São João de Meriti;473385;2021
3305133;Itaperuna, São José de Ubá;7240;2021
3305158;São José do Vale do Rio Preto;22032;2021
3305208;São Pedro da Aldeia;107556;2021
3305307;São Sebastião do Alto;9416;2021
3305406;Sapucaia;18270;2021
3305505;Saquarema;91938;2021
3305554;Seropédica;83841;2021
3305604;Silva Jardim;21775;2021
3305703;Sumidouro;15709;2021
3305752;Tanguá;34898;2021
3305802;Teresópolis;185820;2021
3305901;Trajano de Moraes;10653;2021
3306008;Areal,Comendador Levy Gasparian, Três Rios;82468;2021
3306107;Valença;77202;2021
3306156;Natividade, Varre-Sai;11208;2021
3306206;Vassouras;37262;2021
3306305;Volta Redonda;274925;2021
3300100;Angra dos Reis;213345,2273;2022
3300159;Santo Antônio de Pádua, Aperibé;12172,53138;2022
3300209;Araruama;137949,5572;2022
3300225;Areal,Comendador Levy Gasparian, Três Rios;12857,69745;2022
3300233;Armação dos Búzios;35652,85843;2022
3300258;Arraial do Cabo;31062,78982;2022
3300308;Barra do Piraí;101515,3956;2022
3300407;Barra Mansa;185641,883;2022
3300456;Belford Roxo;517368,7673;2022
3300506;Bom Jardim;27942,96209;2022
3300605;Bom Jesus do Itabapoana;37409,28517;2022
3300704;Cabo Frio;237835,392;2022
3300803;Cachoeiras de Macacu;60003,05388;2022
3300902;Cambuci;15528,00316;2022
3301009;Campos dos Goytacazes;518141,6236;2022
3301108;Cantagalo;20158,00124;2022
3300936;Quissamã, Carapebus;17136,49349;2022
3301157;Cardoso Moreira, Italva;12815,0007;2022
3301207;Carmo;19292,90179;2022
3301306;Casimiro de Abreu;46702,03805;2022
3300951;Areal,Comendador Levy Gasparian, Três Rios;8604,022854;2022
3301405;Conceição de Macabu;23725,13552;2022
3301504;Cordeiro, Macuco;22263,559;2022
3301603;Duas Barras;11598,10626;2022
3301702;Duque de Caxias;934299,1785;2022
3301801;Engenheiro Paulo de Frontin;14205,31902;2022
3301850;Guapimirim;63073,41215;2022
3301876;Iguaba Grande;29859,91386;2022
3301900;Itaboraí;246303,4639;2022
3302007;Itaguaí;138297,1481;2022
3302056;Cardoso Moreira, Italva;15475,50618;2022
3302106;Itaocara;23200,00521;2022
3302205;Itaperuna, São José de Ubá;104910,9568;2022
3302254;Itatiaia;32561,91816;2022
3302270;Japeri;107049,3009;2022
3302304;Laje do Muriaé;7270,107016;2022
3302403;Macaé;270853,1535;2022
3302452;Cordeiro, Macuco;5669,094078;2022
3302502;Magé;249055,9425;2022
3302601;Mangaratiba;46673,49582;2022
3302700;Maricá;170892,855;2022
3302809;Mendes;18714,0584;2022
3302858;Mesquita;177464,1316;2022
3302908;Miguel Pereira, Paty dos Alferes;25663,06571;2022
3303005;Miracema;27114,01473;2022
3303104;Natividade, Varre-Sai;15299,00235;2022
3303203;Nilópolis;163093,2459;2022
3303302;Niterói;518650,3732;2022
3303401;Nova Friburgo;192171,3394;2022
3303500;Nova Iguaçu;827479,2853;2022
3303609;Paracambi;53506,19078;2022
3303708;Paraíba do Sul;44965,11705;2022
3303807;Paraty;44675,60955;2022
3303856;Miguel Pereira, Paty dos Alferes;28026,25328;2022
3303906;Petrópolis;307610,7081;2022
3303955;Pinheiral;25763,56131;2022
3304003;Piraí;30061,23554;2022
3304102;Porciúncula;19176,61519;2022
3304110;Porto Real, Quatis;20537,9251;2022
3304128;Porto Real, Quatis;14690,11735;2022
3304144;Queimados;153293,2945;2022
3304151;Quissamã, Carapebus;25950,65769;2022
3304201;Resende;134182,565;2022
3304300;Rio Bonito;61289,10406;2022
3304409;Rio Claro;18749,27863;2022
3304508;Rio das Flores;9458,34771;2022
3304524;Rio das Ostras;163986,1453;2022
3304557;Rio de Janeiro;6803421,087;2022
3304607;Santa Maria Madalena;10368,01386;2022
3304706;Santo Antônio de Pádua, Aperibé;42816,28927;2022
3304805;São Fidélis;38788,03929;2022
3304755;São Francisco de Itabapoana;42218,00038;2022
3304904;São Gonçalo;1105017,142;2022
3305000;São João da Barra;37041,60451;2022
3305109;São João de Meriti;473864,4852;2022
3305133;Itaperuna, São José de Ubá;7274,160422;2022
3305158;São José do Vale do Rio Preto;22148,61398;2022
3305208;São Pedro da Aldeia;109084,4151;2022
3305307;São Sebastião do Alto;9445,089592;2022
3305406;Sapucaia;18291,02417;2022
3305505;Saquarema;93313,26898;2022
3305554;Seropédica;84596,75156;2022
3305604;Silva Jardim;21776,00005;2022
3305703;Sumidouro;15751,11259;2022
3305752;Tanguá;35188,39653;2022
3305802;Teresópolis;187413,5497;2022
3305901;Trajano de Moraes;10666,01588;2022
3306008;Areal,Comendador Levy Gasparian, Três Rios;82795,29381;2022
3306107;Valença;77536,44257;2022
3306156;Natividade, Varre-Sai;11310,93679;2022
3306206;Vassouras;37441,86403;2022
3306305;Volta Redonda;275865,2044;2022
